rel_path	override_collection
items/ebfe/0000b7bb36ebc09b8aadad7aa79e27ce/SOUTH_WNC_TRIB_24_1.json	ble_12070101_LowerBrazosLittleBrazos
items/ebfe/0055611e7308fc8840e6aa4d548a348f/MUD_CREEK_TRIB_20_1.json	ble_12070101_LowerBrazosLittleBrazos
items/ebfe/009dc33b1ada1d7f404293f665b17396/Watermelon_Branch.json	ble_12070101_LowerBrazosLittleBrazos
items/ebfe/00a668c6b252dbd04b8bd823c2a8f489/UNT_021_IN_BDAR.json	ble_11140101_Boisd_ArcIsland
items/ebfe/00ae93ae813b1952cd8b5ca15fc68989/LITTLE_SANDY_CREEK.json	ble_12070101_LowerBrazosLittleBrazos
items/ebfe/00b66800166fb4b9ada37ae18c181e95/UNT104_IN_GBRR.json	ble_11140101_Boisd_ArcIsland
items/ebfe/00b8e68cde288bc6e079b9609ddc543d/UNT_215_in_Beason_Cr_Watershed.json	ble_12070101_LowerBrazosLittleBrazos
items/ebfe/00e25e47708d37c5f530c3d336abdca8/LEES_BRANCH.json	ble_11140101_Boisd_ArcIsland
items/ebfe/00e30194462c619f380c4194f850054b/UNT_193_in_Deer_Creek_Watershed.json	ble_12070101_LowerBrazosLittleBrazos
items/ebfe/00eb18ef5d1ca9c065a7489eed4ad98f/DRY_FORK.json	ble_11140101_Boisd_ArcIsland
items/ebfe/010b485a2978379d4e7d983e45d99e73/CLAYBANK_CR.json	ble_12070101_LowerBrazosLittleBrazos
items/ebfe/0137867f5d50f8c5ee4dad575eace26c/UNT009_IN_GBRR.json	ble_11140101_Boisd_ArcIsland
items/ebfe/018ec622155d382eff62eca1f798a639/SPRING_CREEK_TRIB_25.json	ble_12070101_LowerBrazosLittleBrazos
items/ebfe/0191f0e0caf0454a7d16426497cb6101/UNT_165_in_Old_River_Watershed.json	ble_12070101_LowerBrazosLittleBrazos
items/ebfe/019f3f47e29c62e744de2cc489b819da/UNT_078_in_Cedar_Creek_Watershed.json	ble_12070101_LowerBrazosLittleBrazos
items/ebfe/01e27386e7cdf88eabfd0a842ce29637/UNT071_IN_ISLB.json	ble_11140101_Boisd_ArcIsland
items/ebfe/0200345251452a50a42ece1d12690a9e/UNT016_IN_ISLB.json	ble_11140101_Boisd_ArcIsland
items/ebfe/0219a7bfb440b32569eae352bd77a11c/UNT_109_IN_TCRR.json	ble_11140101_Boisd_ArcIsland
items/ebfe/0250b4d3e7698fa66aae4fb834d8138b/MUD_CREEK_TRIB_20_5.json	ble_12070101_LowerBrazosLittleBrazos
items/ebfe/027278ba3ff1c716e53f81271b019aff/UNT_018_IN_TCRR.json	ble_11140101_Boisd_ArcIsland
items/ebfe/0274a1df64920d706b73597bc0dc651b/DUNN_CREEK_TRIB_11.json	ble_12070101_LowerBrazosLittleBrazos
items/ebfe/0276ae050537a045e3a13b8794550efb/UNT_052_in_PCW.json	ble_12070101_LowerBrazosLittleBrazos
items/ebfe/02e7442d7e2a0758ee26b580ceeabad9/UNT_002_in_Cedar_Creek_Watershed.json	ble_12070101_LowerBrazosLittleBrazos
items/ebfe/02f71bc9c246ecc3d2e10c5ae7765c78/UNT027_IN_GBRR.json	ble_11140101_Boisd_ArcIsland
items/ebfe/031128f81f6461fc4ed39df1584568aa/UNT_099_in_New_Year_Cr_Watershed.json	ble_12070101_LowerBrazosLittleBrazos
items/ebfe/038caf10fc4377ea8ff25e2074149912/UNT_83_in_Beason_Cr_Watershed.json	ble_12070101_LowerBrazosLittleBrazos
items/ebfe/039a7076ee6c52b589cba136323b1c9a/UNT_401_IN_BDAR.json	ble_11140101_Boisd_ArcIsland
items/ebfe/03aac9b243b3e93913a9a9ac1220e315/UNT_162_in_Old_River_Watershed.json	ble_12070101_LowerBrazosLittleBrazos
items/ebfe/040cbcc5e4f873a0d8801188cc453406/WOLF_DEN_BRANCH.json	ble_12070101_LowerBrazosLittleBrazos
items/ebfe/0432294d85f1fec52fa8423fffdfdec5/UNT059_IN_SNCR.json	ble_11140101_Boisd_ArcIsland
items/ebfe/04390cf2964a10e14e4a88ea740db631/UNT_71_in_Beason_Cr_Watershed.json	ble_12070101_LowerBrazosLittleBrazos
items/ebfe/044f1424ebf562353b98aa35978ed9d9/UNT_078_IN_BDAR.json	ble_11140101_Boisd_ArcIsland
items/ebfe/0466195e8319d038c37ade02ad17072b/DUNN_CREEK_TRIB_11_8.json	ble_12070101_LowerBrazosLittleBrazos
items/ebfe/046778136855f86ffa0fea57f9b6f37a/UNT_039_IN_TCRR.json	ble_11140101_Boisd_ArcIsland
items/ebfe/048b786f0d8445456b310e6af581fda3/UNT_142_in_Old_River_Watershed.json	ble_12070101_LowerBrazosLittleBrazos
items/ebfe/048f88081eee956586fbc6c46825e43a/WNC_TRIB_1_1.json	ble_12070101_LowerBrazosLittleBrazos
items/ebfe/049852946d7652678fa4bdab2eea2b17/LITTLE_BRAZOS_RIVER_TRIB_5.json	ble_12070101_LowerBrazosLittleBrazos
items/ebfe/049b8724c09bafe46a6ed70a81356e74/BLACK_BRANCH.json	ble_11140101_Boisd_ArcIsland
items/ebfe/049cdada931dcd58b8f52e968cc1af55/UNT016_IN_CHCR.json	ble_11140101_Boisd_ArcIsland
items/ebfe/049dad5ba2e644efd0a92a5d1df7b373/UNT_40_in_Beason_Cr_Watershed.json	ble_12070101_LowerBrazosLittleBrazos
items/ebfe/04a05cedbe6e3f97ffed9d10ef859590/SPRING_CREEK_TRIB_16.json	ble_12070101_LowerBrazosLittleBrazos
items/ebfe/04d25e2492bd7b0a878db5749d73b64e/UNT_126_in_Old_River_Watershed.json	ble_12070101_LowerBrazosLittleBrazos
items/ebfe/051dcfda14245a0b3aa552b55f65db63/UNT094_IN_PNCR.json	ble_11140101_Boisd_ArcIsland
items/ebfe/0537196cdcf95caa414870513b3d85e1/UNT_236_in_Old_River_Watershed.json	ble_12070101_LowerBrazosLittleBrazos
items/ebfe/0540d423a1691ca6f93fe4667bca3ada/MUD_CREEK_TRIB_17.json	ble_12070101_LowerBrazosLittleBrazos
items/ebfe/05bff15c9e26898a3c802452104c95e6/UNT057_IN_CHCR.json	ble_11140101_Boisd_ArcIsland
items/ebfe/05c296935b75ca2946077d9a50e40cef/Brushy_Creek.json	ble_12070101_LowerBrazosLittleBrazos
items/ebfe/05cdab3dbe285f4cee2c81156aef2a88/UNT066_IN_ISLB.json	ble_11140101_Boisd_ArcIsland
items/ebfe/06021c89282b26855c48de1da778fc5d/UNT_007_in_BCBC_Watershed.json	ble_12070101_LowerBrazosLittleBrazos
items/ebfe/061d18bbec161bf2308c117add7cda38/UNT044_IN_PNCR.json	ble_11140101_Boisd_ArcIsland
items/ebfe/06504612109704fc70fb1e9822f96cbd/EASTMAN_CREEK.json	ble_11140101_Boisd_ArcIsland
items/ebfe/065a256d78a29e4cc013edac27ff563a/UNT_004_in_BCBC_Watershed.json	ble_12070101_LowerBrazosLittleBrazos
items/ebfe/06691824346441edbf363625b7ebdadf/UNT040_IN_PNCR.json	ble_11140101_Boisd_ArcIsland
items/ebfe/06a52776c0905589b529a501a97b47de/UNT_375_IN_BDAR.json	ble_11140101_Boisd_ArcIsland
items/ebfe/06d4683a452fd459345e589c2d3ac3ba/UNT053_IN_CHCR.json	ble_11140101_Boisd_ArcIsland
items/ebfe/06daddd62d286b57ee60ec8ef0968904/MUD_CREEK_TRIB_11_1.json	ble_12070101_LowerBrazosLittleBrazos
items/ebfe/06e486cc7c42514beea074b0c2d3f116/UNT_010_in_Cedar_Creek_Watershed.json	ble_12070101_LowerBrazosLittleBrazos
items/ebfe/06ecd352fdd7a6d344c9f97cf3622dba/UNT_229_in_Old_River_Watershed.json	ble_12070101_LowerBrazosLittleBrazos
items/ebfe/071342d4918c70a67fc45a5cf4f85e04/CARSON_BRANCH.json	ble_11140101_Boisd_ArcIsland
items/ebfe/071542fafc2810b35e8d14ce9768168c/WHITE_CREEK_TRIBUTARY_5.json	ble_12070101_LowerBrazosLittleBrazos
items/ebfe/07487171f7cdeb5bf86814c01986df49/SANDY_CREEK_2.json	ble_11140101_Boisd_ArcIsland
items/ebfe/07564f0d2f204b26d081d9ee1393c092/BIG_SANDY_CR_TRIB_2.json	ble_12070101_LowerBrazosLittleBrazos
items/ebfe/077360068e0d6e64052e2c1db90e8142/UNT068_IN_PNCR.json	ble_11140101_Boisd_ArcIsland
items/ebfe/078c25fc3ca1b354ba0e4135962ed4ab/UNT012_IN_SNCR.json	ble_11140101_Boisd_ArcIsland
items/ebfe/07995e51ce6be21f7444756c8fe73b62/UNT_124_IN_TCRR.json	ble_11140101_Boisd_ArcIsland
items/ebfe/07a551d2240ed0a2f09a5bd39bb4975c/UNT_027_IN_BDAR.json	ble_11140101_Boisd_ArcIsland
items/ebfe/07a967d5e2b1ccbe817b5ecbeda9e583/Still_Creek.json	ble_12070101_LowerBrazosLittleBrazos
items/ebfe/07cc2ff52d88483c240e1f0100074085/West_Fork_Still_Creek_Trib_2.json	ble_12070101_LowerBrazosLittleBrazos
items/ebfe/08094e61a2b5cba79208b7f23e731598/UNT_234_in_Deer_Creek_Watershed.json	ble_12070101_LowerBrazosLittleBrazos
items/ebfe/082423f1632dd4fdf851c3603d78d6d8/UNT_163_in_Beason_Cr_Watershed.json	ble_12070101_LowerBrazosLittleBrazos
items/ebfe/085053d585bbf5013fb7f764c348944e/UNT_94_in_Beason_Cr_Watershed.json	ble_12070101_LowerBrazosLittleBrazos
items/ebfe/0876cbda487f45591f5d5375ccae432c/ALLIGATOR_CREEK_TRIBUTARY_8_1.json	ble_12070101_LowerBrazosLittleBrazos
items/ebfe/08ae89be8827c52cda0efecb21b944d5/UNT020_IN_GBRR.json	ble_11140101_Boisd_ArcIsland
items/ebfe/08c3cea8e83dd7a78586fe04d2cb77fe/UNT_089_in_New_Year_Cr_Watershed.json	ble_12070101_LowerBrazosLittleBrazos
items/ebfe/08da1a9f6741dbe0d12c22e599fb5982/UNT_088_in_Cedar_Creek_Watershed.json	ble_12070101_LowerBrazosLittleBrazos
items/ebfe/0916bbfe5cae79460907dc69eef4d863/BURNETT_CREEK.json	ble_11140101_Boisd_ArcIsland
items/ebfe/0930646c5b701fc9be9fb7c19e109004/DAVIS_CREEK.json	ble_11140101_Boisd_ArcIsland
items/ebfe/096a7697eacc4c707d3b5698b1c45a13/BECK_CR_TRIB_3_1.json	ble_12070101_LowerBrazosLittleBrazos
items/ebfe/0980f85fd9cdebd61b82fe4e935ec8e4/UNT_77_in_Beason_Cr_Watershed.json	ble_12070101_LowerBrazosLittleBrazos
items/ebfe/0983930059d0a88b0c2938803351c229/UNT_040_in_Cedar_Creek_Watershed.json	ble_12070101_LowerBrazosLittleBrazos
items/ebfe/09ad4926f5a909f6a370b78dd9ccddd7/UNT_239_in_Deer_Creek_Watershed.json	ble_12070101_LowerBrazosLittleBrazos
items/ebfe/09ccb96901f50ae29daa96d090387cf2/UNT021_IN_CHCR.json	ble_11140101_Boisd_ArcIsland
items/ebfe/09d4f4de591256c49174972017c87caf/LITTLE_MUD_CREEK_EAST_TRIB_2_1.json	ble_12070101_LowerBrazosLittleBrazos
items/ebfe/0a5d8d5019b1ff5fe93f39d291d73d65/LITTLE_MUD_CREEK_EAST_TRIB_2.json	ble_12070101_LowerBrazosLittleBrazos
items/ebfe/0a8d336ea943b5bb8f6f9f7a435aeec2/UNT069_IN_SNCR.json	ble_11140101_Boisd_ArcIsland
items/ebfe/0a9279c44e89cc596f75aa0b215357e1/UNT047_IN_CHCR.json	ble_11140101_Boisd_ArcIsland
items/ebfe/0a92fe71f88c46f937fbe7facb9ad49b/UNT_053_in_BCBC_Watershed.json	ble_12070101_LowerBrazosLittleBrazos
items/ebfe/0aa507ac4469531d7808134ec4a1c93f/UNT_226_in_Old_River_Watershed.json	ble_12070101_LowerBrazosLittleBrazos
items/ebfe/0ab8e60c04b3323367891c1880c172e4/UNT071_IN_PNCR.json	ble_11140101_Boisd_ArcIsland
items/ebfe/0ae208d7e042446ef6893f1ba2c08618/UNT0125_IN_SCRR.json	ble_11140101_Boisd_ArcIsland
items/ebfe/0aed0bcc62873154d0bec0e114924db6/MUD_CREEK_TRIB_16.json	ble_12070101_LowerBrazosLittleBrazos
items/ebfe/0b240f8dc31b8c383c9e2eb6a8554196/UNT_130_in_Deer_Creek_Watershed.json	ble_12070101_LowerBrazosLittleBrazos
items/ebfe/0b3dbc77e49a0693755dab74ab89392e/UNT_102_in_Beason_Cr_Watershed.json	ble_12070101_LowerBrazosLittleBrazos
items/ebfe/0b7977ccf0ada3eb2f7ad8042b57cf84/SMITH_CREEK_TRIBUTARY_NO_16.json	ble_11140101_Boisd_ArcIsland
items/ebfe/0b93d362ded726161a19e7515b7c5fe3/UNT_005_in_PCW.json	ble_12070101_LowerBrazosLittleBrazos
items/ebfe/0ba7dbb9dc35a93654f22a24f1bbfa5c/UNT080_IN_GBRR.json	ble_11140101_Boisd_ArcIsland
items/ebfe/0bc95e70eae5d2cc7a13c397121b6119/UNT_178_IN_BDAR.json	ble_11140101_Boisd_ArcIsland
items/ebfe/0bcc419a94a3e81b46d72bbad0070a12/UNT060_IN_GBRR.json	ble_11140101_Boisd_ArcIsland
items/ebfe/0be3b0a1705cf623d682dabd3127a8bb/UNT070_IN_GBRR.json	ble_11140101_Boisd_ArcIsland
items/ebfe/0bff7e2bc4bda41621e0b2c6a8ad1eec/LITTLE_SANDY_CR.json	ble_12070101_LowerBrazosLittleBrazos
items/ebfe/0c0dda22e9a8114fa5c98b4753ad646e/UNT020_IN_ISLB.json	ble_11140101_Boisd_ArcIsland
items/ebfe/0c10a2e9fe485b101e6062e891301315/UNT_004_IN_TCRR.json	ble_11140101_Boisd_ArcIsland
items/ebfe/0c2d1ae9d7e18fe20fd527570cc0eb84/UNT_002_IN_TCRR.json	ble_11140101_Boisd_ArcIsland
items/ebfe/0c4621a01941bb0f61fbe5fb900197e0/LITTLE_CREEK.json	ble_11140101_Boisd_ArcIsland
items/ebfe/0c498e9b45de14a998ddcc2d8be3d611/BRISCOE_BRANCH.json	ble_11140101_Boisd_ArcIsland
items/ebfe/0c53586badd7339a7ed19ce40e24c1e6/THOMPSONS_CREEK_TRIBUTARY_4.json	ble_12070101_LowerBrazosLittleBrazos
items/ebfe/0c61db89d302b00c6619a99d00725f2e/UNT_73_in_Beason_Cr_Watershed.json	ble_12070101_LowerBrazosLittleBrazos
items/ebfe/0c69709ccae8d8803738cb3699cbdaac/UNT_16_in_Beason_Cr_Watershed.json	ble_12070101_LowerBrazosLittleBrazos
items/ebfe/0c7493cce2a6190d07e31c657cea868f/Lusk_Branch.json	ble_12070101_LowerBrazosLittleBrazos
items/ebfe/0c8c453db043c199b8b1d957335d5c1e/DRY_CREEK.json	ble_11140101_Boisd_ArcIsland
items/ebfe/0ca1f0caa2cbf43de47b3b2ce0238989/UNT_119_IN_TCRR.json	ble_11140101_Boisd_ArcIsland
items/ebfe/0ca8aa0e357ad97f6ecaaf0f3024abc9/UNT_231_in_Old_River_Watershed.json	ble_12070101_LowerBrazosLittleBrazos
items/ebfe/0ca9dbb350818686122b695b666bcddc/Banky_Branch.json	ble_12070101_LowerBrazosLittleBrazos
items/ebfe/0cca54b9b9014d3985e60e497a994da6/UNT_141_in_New_Year_Cr_Watershed.json	ble_12070101_LowerBrazosLittleBrazos
items/ebfe/0d14c3286ec2e3c6190cff84b3734d51/UNT070_IN_ISLB.json	ble_11140101_Boisd_ArcIsland
items/ebfe/0d35cadd2ba20dd2a5528100db2fc8d6/COTTONWOOD_CREEK.json	ble_11140101_Boisd_ArcIsland
items/ebfe/0d4db61bd9f6f5aebc5654fc234c8c70/UNT_034_in_BCBC_Watershed.json	ble_12070101_LowerBrazosLittleBrazos
items/ebfe/0d58ce9c6ec8360944a43d44a8be2b79/UNT_102_in_BCBC_Watershed.json	ble_12070101_LowerBrazosLittleBrazos
items/ebfe/0d703b450758ee705b14bdd3699c751f/UNT_127_in_Cedar_Creek_Watershed.json	ble_12070101_LowerBrazosLittleBrazos
items/ebfe/0d7527d903e6c296e751227a61c12b90/UNT004_IN_GBRR.json	ble_11140101_Boisd_ArcIsland
items/ebfe/0d7926090effe4a8ac7441b3bec5280b/UNT_093_in_BCBC_Watershed.json	ble_12070101_LowerBrazosLittleBrazos
items/ebfe/0d7a32235414274ce2460e09aa5f2cf8/UNT_087_in_New_Year_Cr_Watershed.json	ble_12070101_LowerBrazosLittleBrazos
items/ebfe/0da8dd98c5a57eda3017f069bfdde203/South_Cow_Bayou.json	ble_12070101_LowerBrazosLittleBrazos
items/ebfe/0dab13fbbcd9aca443ef42672f8ab90c/LITTLE_MUD_CREEK_TRIB_10.json	ble_12070101_LowerBrazosLittleBrazos
items/ebfe/0db822421ab14a46874ea5889ff171a5/UNT_147_in_Beason_Cr_Watershed.json	ble_12070101_LowerBrazosLittleBrazos
items/ebfe/0dd4333ec126734defaf7dd0b1836826/UNT_200_in_Deer_Creek_Watershed.json	ble_12070101_LowerBrazosLittleBrazos
items/ebfe/0dd76c88d57b5f3895c4ca9c98a545c8/UNT00385_IN_CHCR.json	ble_11140101_Boisd_ArcIsland
items/ebfe/0ddb97858b599362b3753918bdf38780/TURKEY_CREEK_TRIBUTARY_16.json	ble_12070101_LowerBrazosLittleBrazos
items/ebfe/0dfeb02072d6802fc6174fa92c750f4d/UNT_21_in_Beason_Cr_Watershed.json	ble_12070101_LowerBrazosLittleBrazos
items/ebfe/0e1f6e11adb478780e349aabaa96010a/PEACH_CREEK_NORTH.json	ble_12070101_LowerBrazosLittleBrazos
items/ebfe/0e402c846754e638decbaf04e866ec8d/ROCKY_BRANCH.json	ble_12070101_LowerBrazosLittleBrazos
items/ebfe/0e468686fab929d4c8b986cb045dbb11/UNT029_IN_SNCR.json	ble_11140101_Boisd_ArcIsland
items/ebfe/0e4b662e0ccc1823c3f88c14dcff62af/UNT0100_IN_SCRR.json	ble_11140101_Boisd_ArcIsland
items/ebfe/0e623458e25de278c41bf013ebc27e63/SPRING_CREEK_TRIB_30.json	ble_12070101_LowerBrazosLittleBrazos
items/ebfe/0e8a30551a3f56c0d76969a8743841e4/UNT_185_in_Old_River_Watershed.json	ble_12070101_LowerBrazosLittleBrazos
items/ebfe/0eb013a1c686d21e6c546338356e922b/UNT_160_IN_BDAR.json	ble_11140101_Boisd_ArcIsland
items/ebfe/0eb3d2f7ce4e794898cec37973b3a1ad/UNT_32_in_Beason_Cr_Watershed.json	ble_12070101_LowerBrazosLittleBrazos
items/ebfe/0ed60f637d3309c3ab3e543f085c0350/UNT062_IN_PNCR.json	ble_11140101_Boisd_ArcIsland
items/ebfe/0ee590084600ad513213bda96bfb16a4/UNT_089_IN_TCRR.json	ble_11140101_Boisd_ArcIsland
items/ebfe/0f02d42c966e5cc4e86bba519dccd610/UNT0126_IN_SCRR.json	ble_11140101_Boisd_ArcIsland
items/ebfe/0f1271d0f92db73246b123558ba4d432/DUNN_CREEK_TRIB_11_4.json	ble_12070101_LowerBrazosLittleBrazos
items/ebfe/0f33f03f3863d697e0dae7c12b2955b5/UNT038_IN_GBRR.json	ble_11140101_Boisd_ArcIsland
items/ebfe/0f38b7f1929aca3c7554a251bdea1b17/MUD_CREEK_TRIB_6.json	ble_12070101_LowerBrazosLittleBrazos
items/ebfe/0f9776b8be37ab25f894518bab3a229d/UNT_204_in_Old_River_Watershed.json	ble_12070101_LowerBrazosLittleBrazos
items/ebfe/0fb1d6c28a82dc091c667f8971a789f5/UNT_168_in_Deer_Creek_Watershed.json	ble_12070101_LowerBrazosLittleBrazos
items/ebfe/0fc3885366d8eecda9e09f8a65b4e0e5/UNT_008_IN_BDAR.json	ble_11140101_Boisd_ArcIsland
items/ebfe/0fec8ad8d0b3e430ac4530cb98ad2d2b/TIDWELL_CREEK_TRIB_2.json	ble_12070101_LowerBrazosLittleBrazos
items/ebfe/0ffc1025f2d3a4acd2ead9d5eda0d9fd/GRAY_SPRING_BR.json	ble_12070101_LowerBrazosLittleBrazos
items/ebfe/0ffdfabfd6e56840a736395af56e731f/UNT008_IN_SNCR.json	ble_11140101_Boisd_ArcIsland
items/ebfe/100cbc668352539878c45671a39eb5ca/UNT_102_in_Old_River_Watershed.json	ble_12070101_LowerBrazosLittleBrazos
items/ebfe/101660c943f6067f986b3b0409b781b8/UNT00821_IN_SCRR.json	ble_11140101_Boisd_ArcIsland
items/ebfe/10194bdad5432eb3a7742bf12f3ad5b9/WHITE_CREEK_TRIBUTARY_14.json	ble_12070101_LowerBrazosLittleBrazos
items/ebfe/107aef122932c80513f6995204ef5549/COFFEE_MILL_CREEK.json	ble_11140101_Boisd_ArcIsland
items/ebfe/10d2331defa6af0ce572baba9427da67/UNT_046_in_BCBC_Watershed.json	ble_12070101_LowerBrazosLittleBrazos
items/ebfe/10e62748dcdd4b22d660dd512036f740/UNT055_IN_SNCR.json	ble_11140101_Boisd_ArcIsland
items/ebfe/11092651f8250713d06eb01c6b3ab67d/ALLIGATOR_CREEK_TRIBUTARY_11.json	ble_12070101_LowerBrazosLittleBrazos
items/ebfe/11096eb6a42f18ac0b137ff983915082/UNT_107_in_Beason_Cr_Watershed.json	ble_12070101_LowerBrazosLittleBrazos
items/ebfe/114c07f847188bd14dc39f3692913f69/UNT036_IN_GBRR.json	ble_11140101_Boisd_ArcIsland
items/ebfe/114eddeff22732eb96c8e3743e2da0b4/MUD_CREEK_TRIB_7_3.json	ble_12070101_LowerBrazosLittleBrazos
items/ebfe/1154ae2f5dbfb4b7d632885c59c0a965/Cedar_Creek.json	ble_12070101_LowerBrazosLittleBrazos
items/ebfe/115c51a1285a9ef2e2b3df797c91028b/BEE_BR_W_TRIB_9.json	ble_12070101_LowerBrazosLittleBrazos
items/ebfe/11b0e0ff7de2971280651c04e1d430e0/UNT053_IN_ISLB.json	ble_11140101_Boisd_ArcIsland
items/ebfe/11c8321c92be0b7daf477a76ad1b6e5a/MUSTANG_BRANCH.json	ble_12070101_LowerBrazosLittleBrazos
items/ebfe/11e7e09c2a31c06d458d8e953fc5c2a8/UNT_089_IN_BDAR.json	ble_11140101_Boisd_ArcIsland
items/ebfe/1225eaabed7c0f64b6a9e61769687b13/UNT096_IN_GBRR.json	ble_11140101_Boisd_ArcIsland
items/ebfe/122f02d2a111ce28d8c9771afbe75898/UNT_067_in_PCW.json	ble_12070101_LowerBrazosLittleBrazos
items/ebfe/12d94dec2bcd85c532bd1b0779df0765/UNT065_IN_CHCR.json	ble_11140101_Boisd_ArcIsland
items/ebfe/12e6f692f81353df8e3a48798c577c19/BIG_WILLOW_CR_TRIB_12.json	ble_12070101_LowerBrazosLittleBrazos
items/ebfe/13272540a3f7ab16fb20e66317bb3d45/Tributary_2_to_North_Cow_Bayou.json	ble_12070101_LowerBrazosLittleBrazos
items/ebfe/13537d77a6c93387ddd028ab2e66fa8f/THOMAS_CREEK.json	ble_12070101_LowerBrazosLittleBrazos
items/ebfe/13715bb4887e49cbdb8ea471e3fba7d7/WILHOIT_BRANCH.json	ble_11140101_Boisd_ArcIsland
items/ebfe/1391d3a5ab4eb14eda3f7a8cbeb38cf2/FISH_CREEK.json	ble_12070101_LowerBrazosLittleBrazos
items/ebfe/139a540ea484297765b11ead6bb0a9f6/UNT_069_IN_TCRR.json	ble_11140101_Boisd_ArcIsland
items/ebfe/13a1d858b22d718a8c1a7b1790ccc4d9/UNT_031_in_BCBC_Watershed.json	ble_12070101_LowerBrazosLittleBrazos
items/ebfe/13e2a536d706464ec10ce8ff5c50cadf/UNT_097_in_Cedar_Creek_Watershed.json	ble_12070101_LowerBrazosLittleBrazos
items/ebfe/142ba40de3c30c9804dfc8e1846866f4/UNT_166_in_Beason_Cr_Watershed.json	ble_12070101_LowerBrazosLittleBrazos
items/ebfe/144633768a019de417d1d80f694d50ef/UNT_008_in_BCBC_Watershed.json	ble_12070101_LowerBrazosLittleBrazos
items/ebfe/144a43416416087d462c167414890179/UNT045_IN_ISLB.json	ble_11140101_Boisd_ArcIsland
items/ebfe/148c2716a2feb053c1d19d4698492464/WNC_TRIB_33_1.json	ble_12070101_LowerBrazosLittleBrazos
items/ebfe/14a256043f8d3f959cdc7a34819f76fd/UNT_187_in_Deer_Creek_Watershed.json	ble_12070101_LowerBrazosLittleBrazos
items/ebfe/14ae462e3de7da201efbc71f4a404ea1/DUNN_CREEK_TRIB_6_1.json	ble_12070101_LowerBrazosLittleBrazos
items/ebfe/14bff8c4e8eda63fff94d710c9c67455/UNT_050_in_New_Year_Cr_Watershed.json	ble_12070101_LowerBrazosLittleBrazos
items/ebfe/14d34ab0b67eb976941b9a41d0988a0a/UNT114_IN_ISLB.json	ble_11140101_Boisd_ArcIsland
items/ebfe/14d4edbd3c148edd26d98961cf24645f/UNT355_IN_CHCR.json	ble_11140101_Boisd_ArcIsland
items/ebfe/14d8a22a9f83fbce72123dbc3fbad7e7/UNT_272_in_Deer_Creek_Watershed.json	ble_12070101_LowerBrazosLittleBrazos
items/ebfe/14eed892c3cee35adb92c584220baf2b/SUGAR_LOAF_BOTTOM.json	ble_11140101_Boisd_ArcIsland
items/ebfe/14f66aad15f84b5564859baef45ca33b/Big_Sandy_Creek.json	ble_12070101_LowerBrazosLittleBrazos
items/ebfe/1530b1c9fd5efb5a987f07eaa429bbfd/SOUTH_WNC_TRIB_24.json	ble_12070101_LowerBrazosLittleBrazos
items/ebfe/156c63e82d6bbc88f997a61683e1aeab/UNT_152_in_Old_River_Watershed.json	ble_12070101_LowerBrazosLittleBrazos
items/ebfe/15bd455b819d026536591a16f84a9602/BRUSHY_CREEK_WEST.json	ble_12070101_LowerBrazosLittleBrazos
items/ebfe/15d53f7569a0cdf403d368dcd8eb1c08/UNT_042_in_Cedar_Creek_Watershed.json	ble_12070101_LowerBrazosLittleBrazos
items/ebfe/15d5b632f8e0fa9712dbfa745644500b/UNT003_IN_SNCR.json	ble_11140101_Boisd_ArcIsland
items/ebfe/15de4da7fd83eb0c8952d61dc01bb1dc/BOGGY_CREEK.json	ble_12070101_LowerBrazosLittleBrazos
items/ebfe/15ecb29dd9f3970362db4c82a05d3555/PIN_OAK_CREEK_SOUTH_TRIB_15_1.json	ble_12070101_LowerBrazosLittleBrazos
items/ebfe/164a16963e0e5eb3380e4d2b4792213d/SANDY_BRANCH.json	ble_11140101_Boisd_ArcIsland
items/ebfe/1673b5fb29a2dfb806595112905a59f6/UNT_113_IN_BDAR.json	ble_11140101_Boisd_ArcIsland
items/ebfe/16b03c2aeb4e1f140c2c320871a26c0c/UNT_89_in_Beason_Cr_Watershed.json	ble_12070101_LowerBrazosLittleBrazos
items/ebfe/16d708b55eb14b107a797e88659eb575/UNT_133_IN_BDAR.json	ble_11140101_Boisd_ArcIsland
items/ebfe/16ddfdc39f3e0dc465481b2ec402626a/UNT_027_in_PCW.json	ble_12070101_LowerBrazosLittleBrazos
items/ebfe/16fe82d0dee72af6e739b7d0ffd39735/CRADDOCK_CREEK.json	ble_11140101_Boisd_ArcIsland
items/ebfe/1713693a7a4a4aba25f88396d144cc5d/BROWN_CREEK.json	ble_11140101_Boisd_ArcIsland
items/ebfe/17453632fda1233ff915be1f0d8f5fa3/UNT_113_in_Deer_Creek_Watershed.json	ble_12070101_LowerBrazosLittleBrazos
items/ebfe/17456a03b5592a360dd192bf3e45ea3d/UNT046_IN_SNCR.json	ble_11140101_Boisd_ArcIsland
items/ebfe/174b6f0bf8223b9f147366d7e0d800e5/UNT_124_in_New_Year_Cr_Watershed.json	ble_12070101_LowerBrazosLittleBrazos
items/ebfe/174f11b23f9cd0dd889322a1347e51a9/UNT078_IN_GBRR.json	ble_11140101_Boisd_ArcIsland
items/ebfe/17529554624a19a5e5fce27d7c00b646/UNT_189_in_Beason_Cr_Watershed.json	ble_12070101_LowerBrazosLittleBrazos
items/ebfe/1796d23e7452fa21857591559f1439cd/ROCKY_CREEK.json	ble_12070101_LowerBrazosLittleBrazos
items/ebfe/17e4bbd69abb408b3a03173c6297179a/UNT037_IN_ISLB.json	ble_11140101_Boisd_ArcIsland
items/ebfe/17e508db50c9ce60cb5325047ad6fe90/MUD_CREEK_TRIB_5.json	ble_12070101_LowerBrazosLittleBrazos
items/ebfe/17ee26aa48cda0bede7ee2668fe147bb/UNT095_IN_ISLB.json	ble_11140101_Boisd_ArcIsland
items/ebfe/1800697748b7ad0e202f69ebc9d08373/UNT029_IN_ISLB.json	ble_11140101_Boisd_ArcIsland
items/ebfe/1849345346da604f112f478e4fc0bd0d/WHITEGRASS_CREEK.json	ble_11140101_Boisd_ArcIsland
items/ebfe/1884e0997f8b4f6121986d4c4a380392/UNT_184_in_Beason_Cr_Watershed.json	ble_12070101_LowerBrazosLittleBrazos
items/ebfe/188eb3e775731520694e49b4bff10e9e/SOUTH_BRANCH_PINE_CREEK.json	ble_11140101_Boisd_ArcIsland
items/ebfe/18cafd51401e2cd8c84ff332d919c367/UNT_124_IN_BDAR.json	ble_11140101_Boisd_ArcIsland
items/ebfe/18e48038453691defb1a01c070894bc7/UNT024_IN_CHCR.json	ble_11140101_Boisd_ArcIsland
items/ebfe/18e659d388e373ca554a00439860b3f4/UNT007_IN_PNCR.json	ble_11140101_Boisd_ArcIsland
items/ebfe/1908f425bcf685e8b59a9e4d2e4c2589/UNT_105_in_New_Year_Cr_Watershed.json	ble_12070101_LowerBrazosLittleBrazos
items/ebfe/191e41805f2deb397d0e9a9181c95d9b/UNT_055_in_PCW.json	ble_12070101_LowerBrazosLittleBrazos
items/ebfe/192fc5a80315bb584630d17df4f4d20a/UNT_134_IN_BDAR.json	ble_11140101_Boisd_ArcIsland
items/ebfe/195f703b939b1bef09d345673762124d/Prather_Creek.json	ble_12070101_LowerBrazosLittleBrazos
items/ebfe/196eab05f7bddfb3dc2cbcdb5107630a/UNT109_IN_CHCR.json	ble_11140101_Boisd_ArcIsland
items/ebfe/1974a3827bf821dbf2932463817516b8/UNT108_IN_ISLB.json	ble_11140101_Boisd_ArcIsland
items/ebfe/19893e210b0d568d8706276c20f23c1b/UNT003_IN_PNCR.json	ble_11140101_Boisd_ArcIsland
items/ebfe/19bfb40c8ce52505fd586c31d91a6b45/LITTLE_MUD_CREEK_TRIB_2_1.json	ble_12070101_LowerBrazosLittleBrazos
items/ebfe/19d14a45f9a30ff2fdd56ded68136326/UNT_012_in_Deer_Creek_Watershed.json	ble_12070101_LowerBrazosLittleBrazos
items/ebfe/19dd5b53e83b3e4c94ca39bc7241ad99/THREEMILE_CREEK_TRIB_3.json	ble_12070101_LowerBrazosLittleBrazos
items/ebfe/19f6e19f52679fc139245836773af98b/UNT_178_in_Beason_Cr_Watershed.json	ble_12070101_LowerBrazosLittleBrazos
items/ebfe/19f957028f497629757263dc3f294869/UNT070_IN_CHCR.json	ble_11140101_Boisd_ArcIsland
items/ebfe/19fb78f825ca22ca8c630f5b5c0ef86d/UNT_204_in_Beason_Cr_Watershed.json	ble_12070101_LowerBrazosLittleBrazos
items/ebfe/1a1d71e888465674ead378bc5de377cf/ALLIGATOR_CREEK_TRIBUTARY_1.json	ble_12070101_LowerBrazosLittleBrazos
items/ebfe/1a4f13d14016ec2927dc4412d643ddc7/GNATS_CR_TRIB_4.json	ble_12070101_LowerBrazosLittleBrazos
items/ebfe/1a5e3635b4acbf35237869f1cd7adc1d/UNT087_IN_PNCR.json	ble_11140101_Boisd_ArcIsland
items/ebfe/1a85f613b3cb28f33a666767e9a5c229/WALKER_CREEK_TRIB_4.json	ble_12070101_LowerBrazosLittleBrazos
items/ebfe/1ab51407f3d66c485bd95d75c3bb4340/UNT093_IN_GBRR.json	ble_11140101_Boisd_ArcIsland
items/ebfe/1ad005e7769bf9b7d16558a202e7aa54/UNT_112_in_Deer_Creek_Watershed.json	ble_12070101_LowerBrazosLittleBrazos
items/ebfe/1ae6028dbb40276d24e0b15b5614045e/UNT_043_IN_TCRR.json	ble_11140101_Boisd_ArcIsland
items/ebfe/1af431518718d9094fa86d9d2c3d7c15/UNT_193_in_Beason_Cr_Watershed.json	ble_12070101_LowerBrazosLittleBrazos
items/ebfe/1b0226cb0175b964da3bbd8955c69608/UNT102_IN_ISLB.json	ble_11140101_Boisd_ArcIsland
items/ebfe/1b51bd094301f4556ab1333af658f718/LITTLE_MUD_CREEK_EAST_TRIB_1.json	ble_12070101_LowerBrazosLittleBrazos
items/ebfe/1b64b6dd7986bacc3f67b8532fda6e00/UNT_237_in_Old_River_Watershed.json	ble_12070101_LowerBrazosLittleBrazos
items/ebfe/1ba455dab8ca359d7f3a3fe433c6013e/UNT_301_IN_BDAR.json	ble_11140101_Boisd_ArcIsland
items/ebfe/1c01d875fcbda368eb24cafe87f47f89/BOGGY_CREEK_TRIBUTARY_1.json	ble_12070101_LowerBrazosLittleBrazos
items/ebfe/1c4f0015eb596ab094424a14ff59b114/UNT_033_in_BCBC_Watershed.json	ble_12070101_LowerBrazosLittleBrazos
items/ebfe/1c8c431d7d57ea858e78af70e46f7745/UNT_049_in_PCW.json	ble_12070101_LowerBrazosLittleBrazos
items/ebfe/1cba6153fa692f07b838e74ec9766984/UNT_065_in_Cedar_Creek_Watershed.json	ble_12070101_LowerBrazosLittleBrazos
items/ebfe/1cbc97dd64c14c49afbc6ba7035d840b/SPRING_CREEK_TRIB_20.json	ble_12070101_LowerBrazosLittleBrazos
items/ebfe/1cd0598c11541c24fb5996a3ce4e9cb2/STILLHOUSE_CREEK_TRIB_NO_20.json	ble_11140101_Boisd_ArcIsland
items/ebfe/1cdce927e3c69ad1715681002fc9d246/UNT_25_in_Beason_Cr_Watershed.json	ble_12070101_LowerBrazosLittleBrazos
items/ebfe/1ce7e2dc6dd8a5ae8fec18461f8ba606/UNT140_IN_CHCR.json	ble_11140101_Boisd_ArcIsland
items/ebfe/1d336553e18e84d81854b7e9cbb41482/CHAIR_BRANCH.json	ble_12070101_LowerBrazosLittleBrazos
items/ebfe/1d3862c7e04a753dbd113444c3dc1ebf/UNT_116_in_Deer_Creek_Watershed.json	ble_12070101_LowerBrazosLittleBrazos
items/ebfe/1d4d07ce581f65f2efbac74260d91a0d/UNT_51_in_Beason_Cr_Watershed.json	ble_12070101_LowerBrazosLittleBrazos
items/ebfe/1d6d752f1eae774411fecde96f069c4d/CAMPBELLS_CREEK_TRIB_14.json	ble_12070101_LowerBrazosLittleBrazos
items/ebfe/1d8ed1d38a848d219e965a3e9cd2b9dc/UNT_073_IN_BDAR.json	ble_11140101_Boisd_ArcIsland
items/ebfe/1dcae8e8bd27155bafaaa6689b2538d3/MUD_CREEK_TRIB_14.json	ble_12070101_LowerBrazosLittleBrazos
items/ebfe/1dd2ca78acb62bd7e497d833d424965f/UNT_055_IN_BDAR.json	ble_11140101_Boisd_ArcIsland
items/ebfe/1de6e5962f279ba41cf46b26cae18035/UNT_007_in_Deer_Creek_Watershed.json	ble_12070101_LowerBrazosLittleBrazos
items/ebfe/1e0d2a9fc0aa7a39b2ce021d6948b8a3/UNT013_IN_ISLB.json	ble_11140101_Boisd_ArcIsland
items/ebfe/1e28b8389ecb5bc72e2a9b2df6cbc942/LITTLE_MUD_CREEK_TRIB_2.json	ble_12070101_LowerBrazosLittleBrazos
items/ebfe/1e5b872a006ac5e3fdb05dc3d3a7203d/SPRING_CREEK_TRIB_29_1_1.json	ble_12070101_LowerBrazosLittleBrazos
items/ebfe/1e9b946112eccb5c9058ce66ec1b3c0e/UNT033_IN_GBRR.json	ble_11140101_Boisd_ArcIsland
items/ebfe/1ed06012158cff6848313a8686f80fc9/Long_Branch.json	ble_12070101_LowerBrazosLittleBrazos
items/ebfe/1ed254dca1b54dce13c1cbf31faa1a6d/UNT_069_in_New_Year_Cr_Watershed.json	ble_12070101_LowerBrazosLittleBrazos
items/ebfe/1ed403d9c4d8af2706030f65e7af7aef/DIXON_CREEK.json	ble_11140101_Boisd_ArcIsland
items/ebfe/1ef719f2ee8e8f14d006617c5abe4e00/MUD_CREEK_TRIB_8_1.json	ble_12070101_LowerBrazosLittleBrazos
items/ebfe/1f2d05e04baa93aec73e7825f0d6ac1e/TRIBUTARY_TO_WHITE_CREEK.json	ble_12070101_LowerBrazosLittleBrazos
items/ebfe/1f82f81e6b88f53d62c8e73fa9645a7e/SLASH_CREEK.json	ble_11140101_Boisd_ArcIsland
items/ebfe/1fcdab3dbaee4f3b9fdecf2edbc7231d/UNT_101_in_New_Year_Cr_Watershed.json	ble_12070101_LowerBrazosLittleBrazos
items/ebfe/1fd021361d48ec596d7c3832d8bfbb17/UNT_006_in_New_Year_Cr_Watershed.json	ble_12070101_LowerBrazosLittleBrazos
items/ebfe/20388d62ec5c798daa4844d9cfb7ea4a/UNT_035_IN_BDAR.json	ble_11140101_Boisd_ArcIsland
items/ebfe/206c7a8ddbd7e59e26aeccce23076c06/UNT_007_in_Cedar_Creek_Watershed.json	ble_12070101_LowerBrazosLittleBrazos
items/ebfe/208e873a59cf08ff9448778314d641f2/UNT_190_in_Old_River_Watershed.json	ble_12070101_LowerBrazosLittleBrazos
items/ebfe/20a478958c7febc51cf7c8c77dde8935/UNT_005_in_BCBC_Watershed.json	ble_12070101_LowerBrazosLittleBrazos
items/ebfe/20afd2de47e89a2d3c78a6616ebf75b6/KUYKENDALL_CREEK.json	ble_12070101_LowerBrazosLittleBrazos
items/ebfe/20ccfb3be4ac73ca5f808b82cfc7d16c/UNT092_IN_GBRR.json	ble_11140101_Boisd_ArcIsland
items/ebfe/20d7e2dd517d3c1eef440a9edd27d476/SLOUGH_CREEK.json	ble_11140101_Boisd_ArcIsland
items/ebfe/20e37e05889c7f3a9dd0fdff9e10b3bc/UNT_189_IN_BDAR.json	ble_11140101_Boisd_ArcIsland
items/ebfe/210f63b360c4e403de06254990469b5c/UNT_228_IN_BDAR.json	ble_11140101_Boisd_ArcIsland
items/ebfe/219dae5c2e9f9dbba74afd14db930359/PIN_OAK_CREEK_SOUTH_TRIB_15_3.json	ble_12070101_LowerBrazosLittleBrazos
items/ebfe/21a61858b3fe946247f6670af910d348/West_Fork_Deer_Creek.json	ble_12070101_LowerBrazosLittleBrazos
items/ebfe/21b8d4fe0ebd32fc92b76cb4445aa67c/UNT_131_in_New_Year_Cr_Watershed.json	ble_12070101_LowerBrazosLittleBrazos
items/ebfe/21c1603b288d5da29cb96b19fc78f19c/UNT021_IN_ISLB.json	ble_11140101_Boisd_ArcIsland
items/ebfe/21cb151b020439eee64fa81baba737b6/UNT_002_IN_BDAR.json	ble_11140101_Boisd_ArcIsland
items/ebfe/21e55e6e6e52fb009dd5880c2b487a51/UNT_103_IN_TCRR.json	ble_11140101_Boisd_ArcIsland
items/ebfe/21fbf1cb2f67cfeab51b495faf38109d/UNT_098_in_New_Year_Cr_Watershed.json	ble_12070101_LowerBrazosLittleBrazos
items/ebfe/2207de17f91db9a90d8627e776dc7d6a/SOUTH_FORK_OF_COTTONWOOD_BR_5.json	ble_12070101_LowerBrazosLittleBrazos
items/ebfe/221cad6486125c22f87401e02068b15f/Hog_Creek.json	ble_12070101_LowerBrazosLittleBrazos
items/ebfe/223e73d0bd6833e0308af85d995d5910/UNT_227_in_Deer_Creek_Watershed.json	ble_12070101_LowerBrazosLittleBrazos
items/ebfe/2266a22a2a7800083d764fb7e7c619df/THOMPSONS_CREEK_TRIBUTARY_10.json	ble_12070101_LowerBrazosLittleBrazos
items/ebfe/22e5570a91578a57380351c072e8b14e/UNT_020_in_LBR_Watershed.json	ble_12070101_LowerBrazosLittleBrazos
items/ebfe/22e59d9e963197e6cce64a9247402545/UNT_88_in_Beason_Cr_Watershed.json	ble_12070101_LowerBrazosLittleBrazos
items/ebfe/23057ddb92e57297d827aded1fab45ef/UNT_109_in_Cedar_Creek_Watershed.json	ble_12070101_LowerBrazosLittleBrazos
items/ebfe/23178a581c744f8fc0badd0cc6ef7743/UNT004_IN_CHCR.json	ble_11140101_Boisd_ArcIsland
items/ebfe/2364a3b12f755d972a192c0231f399ca/UNT_118_IN_BDAR.json	ble_11140101_Boisd_ArcIsland
items/ebfe/236bd5934d577299e866748476a20aff/UNT_110_IN_BDAR.json	ble_11140101_Boisd_ArcIsland
items/ebfe/23723c134a50a3e59d13c9b18f9b63ae/PUTNEY_BRANCH.json	ble_12070101_LowerBrazosLittleBrazos
items/ebfe/238241ac5a715c0f162d79c970518bdd/UNT_122_in_Cedar_Creek_Watershed.json	ble_12070101_LowerBrazosLittleBrazos
items/ebfe/23a8fdc9d89ee5437b865841197deff1/UNT149_IN_CHCR.json	ble_11140101_Boisd_ArcIsland
items/ebfe/24105f4e2ba193b78138bec354631416/UNT_69_in_Beason_Cr_Watershed.json	ble_12070101_LowerBrazosLittleBrazos
items/ebfe/2424590b97f2fdb2ce5f35d717f6c5ed/UNT_173_in_Beason_Cr_Watershed.json	ble_12070101_LowerBrazosLittleBrazos
items/ebfe/24333e903b88bebfc3d3f712cb59a9c2/BIG_SANDY_CR_TRIB_2_1.json	ble_12070101_LowerBrazosLittleBrazos
items/ebfe/245620365f193f80f839de71e6a635cc/UNT100_IN_ISLB.json	ble_11140101_Boisd_ArcIsland
items/ebfe/2464e618acf715dfda22d8677ebb34c8/UNT_180_in_Beason_Cr_Watershed.json	ble_12070101_LowerBrazosLittleBrazos
items/ebfe/248ede4293d08c93285a24beb7c18cb8/UNT_219_in_Old_River_Watershed.json	ble_12070101_LowerBrazosLittleBrazos
items/ebfe/2490c41ba2ef61a7e89beaefe153d4f7/UNT_113_in_Beason_Cr_Watershed.json	ble_12070101_LowerBrazosLittleBrazos
items/ebfe/24a59158bda82eb8b0c178a0b553b1cd/UNT_060_IN_BDAR.json	ble_11140101_Boisd_ArcIsland
items/ebfe/24a7f30bd698401e429e0765e3745d94/UNT010_IN_ISLB.json	ble_11140101_Boisd_ArcIsland
items/ebfe/24a85cc19f8d108e340aeaf2d9c633f8/UNT_060_in_Cedar_Creek_Watershed.json	ble_12070101_LowerBrazosLittleBrazos
items/ebfe/24b6c019c270c32ca734b26103de413d/UNT_052_in_BCBC_Watershed.json	ble_12070101_LowerBrazosLittleBrazos
items/ebfe/24eede9ac24052d74ad49ab75cd91f12/UNT_061_IN_BDAR.json	ble_11140101_Boisd_ArcIsland
items/ebfe/250235a95abdbd0dc484f162e60a6b6c/TIDWELL_CREEK.json	ble_12070101_LowerBrazosLittleBrazos
items/ebfe/2507fd26d872a3d695151eaf8ed1b1c9/UNT_147_in_Deer_Creek_Watershed.json	ble_12070101_LowerBrazosLittleBrazos
items/ebfe/2518af1b07961142669759536091ce0c/UNT_067_IN_BDAR.json	ble_11140101_Boisd_ArcIsland
items/ebfe/252851068afcdaaeb7f4ff4370e23533/UNT_147_in_New_Year_Cr_Watershed.json	ble_12070101_LowerBrazosLittleBrazos
items/ebfe/253e975cb6624debe0f4eb00c7564e2c/WOLF_CREEK.json	ble_11140101_Boisd_ArcIsland
items/ebfe/254a60a5f2835637df039d2857996a36/UNT014_IN_CHCR.json	ble_11140101_Boisd_ArcIsland
items/ebfe/25506afc22acc7351a2de0844e6932a1/MORGAN_BRANCH.json	ble_11140101_Boisd_ArcIsland
items/ebfe/2552132b3d4e2ee59f25aaafd23e5081/UNT_124_in_Old_River_Watershed.json	ble_12070101_LowerBrazosLittleBrazos
items/ebfe/25770d7c0bdab8c7a7d9d1f62ceebede/UNT_128_in_New_Year_Cr_Watershed.json	ble_12070101_LowerBrazosLittleBrazos
items/ebfe/258027da792222aac0ee59a546a7d08c/UNT_049_in_New_Year_Cr_Watershed.json	ble_12070101_LowerBrazosLittleBrazos
items/ebfe/2587b038142ffac421f63902dad0f0fa/BRAZOS_RIVER_TRIBUTARY_20.json	ble_12070101_LowerBrazosLittleBrazos
items/ebfe/25b0f9a5ededed03e4a66086c8b413be/WNC_TRIB_29.json	ble_12070101_LowerBrazosLittleBrazos
items/ebfe/25b1d5e8370dfe208a36bbe100f713c9/SOUTH_WNC_TRIB_8.json	ble_12070101_LowerBrazosLittleBrazos
items/ebfe/25c26a667e9e54723c47ad57fa9af955/BARTON_BR_W_TRIB_1.json	ble_12070101_LowerBrazosLittleBrazos
items/ebfe/25ef40e22a0ed92d97fe39571f2fe7ef/MAHURIN_CREEK.json	ble_11140101_Boisd_ArcIsland
items/ebfe/260d641553e34aa3e72f000f3632cb65/UNT072_IN_GBRR.json	ble_11140101_Boisd_ArcIsland
items/ebfe/2623c6863bcbf1ac9583bb59638268e2/UNT_114_in_New_Year_Cr_Watershed.json	ble_12070101_LowerBrazosLittleBrazos
items/ebfe/265916ff9afe6b486465e4f9f13f345e/UNT_194_in_Deer_Creek_Watershed.json	ble_12070101_LowerBrazosLittleBrazos
items/ebfe/26622e4eec82a2a6f39cbff2c4f6bcc6/UNT_20_in_Beason_Cr_Watershed.json	ble_12070101_LowerBrazosLittleBrazos
items/ebfe/2690e589c27566698f37258a619777f1/UNT_123_IN_BDAR.json	ble_11140101_Boisd_ArcIsland
items/ebfe/269c30beeceb7a2955f55ad8e0f9fc31/THOMPSONS_BRANCH.json	ble_12070101_LowerBrazosLittleBrazos
items/ebfe/26a732bc51bebfe1e70702a4cfb46eef/UNT_0240.json	ble_11140101_Boisd_ArcIsland
items/ebfe/26c97bca3016cbe1933fffb67d437172/Donahoe_Creek_Tributary_3.json	ble_12070101_LowerBrazosLittleBrazos
items/ebfe/26d19f1be1152e6e2c63f90cf641f655/UNT0094_IN_SCRR.json	ble_11140101_Boisd_ArcIsland
items/ebfe/26d525cd8a5d385afc822829e05bb87c/UNT_025_in_New_Year_Cr_Watershed.json	ble_12070101_LowerBrazosLittleBrazos
items/ebfe/26d686bfcb8e00673537d7ee9f86853e/UNT073_IN_GBRR.json	ble_11140101_Boisd_ArcIsland
items/ebfe/26fb097b5cdf7e317808adf3f2e6f323/UNT_041_IN_BDAR.json	ble_11140101_Boisd_ArcIsland
items/ebfe/274b5676c6c64cbbb26d58df21af1411/MUD_CREEK_TRIB_11.json	ble_12070101_LowerBrazosLittleBrazos
items/ebfe/2768889382abe3c7390952690f2e98a5/UNT_001_IN_TCRR.json	ble_11140101_Boisd_ArcIsland
items/ebfe/279a71e46bfeeaca6cc12f06a5351da1/UNT_012_in_BCBC_Watershed.json	ble_12070101_LowerBrazosLittleBrazos
items/ebfe/27b274fc7192d2a222b1a8eb25a2e96c/UNT_070_in_Deer_Creek_Watershed.json	ble_12070101_LowerBrazosLittleBrazos
items/ebfe/27ce863cc80cd4e8c7ee9aacf14f758f/BARTON_BR_W_TRIB_5.json	ble_12070101_LowerBrazosLittleBrazos
items/ebfe/27cf69e040bfa5faa51792880060a1d1/UNT_107_in_New_Year_Cr_Watershed.json	ble_12070101_LowerBrazosLittleBrazos
items/ebfe/27e4289456ba68bfaee3032c62e68f17/UNT_13_in_Beason_Cr_Watershed.json	ble_12070101_LowerBrazosLittleBrazos
items/ebfe/2811aaf8af2673d3c31dee0f606919ae/LITTLE_BRAZOS_RIVER_TRIB_5_2.json	ble_12070101_LowerBrazosLittleBrazos
items/ebfe/2830d1e595103afa19bac0ef0b41c538/UNT_126_in_Beason_Cr_Watershed.json	ble_12070101_LowerBrazosLittleBrazos
items/ebfe/28707177374a77f6a989786c4bfd8ffd/SPRING_BRANCH.json	ble_12070101_LowerBrazosLittleBrazos
items/ebfe/287e39a04a5510d388adbd9adbab512e/UNT_300_IN_BDAR.json	ble_11140101_Boisd_ArcIsland
items/ebfe/289cd12b437662ca86167b3f19b31d32/LITTLE_PIN_OAK_CREEK_TRIB_13_1.json	ble_12070101_LowerBrazosLittleBrazos
items/ebfe/28a230d309dd7520196a3d39c852eeee/WNC_TRIB_1_2.json	ble_12070101_LowerBrazosLittleBrazos
items/ebfe/28beb30171c2fdf9f0eb781ea375be9c/UNT_011_in_PCW.json	ble_12070101_LowerBrazosLittleBrazos
items/ebfe/28e1345818dfc59ebfb1af42df362642/PIN_OAK_CREEK_SOUTH_TRIB_9.json	ble_12070101_LowerBrazosLittleBrazos
items/ebfe/292f966eee05553ea267d6a1915efffc/UNT_044_in_Cedar_Creek_Watershed.json	ble_12070101_LowerBrazosLittleBrazos
items/ebfe/2942e59aa6133416b401869b6d57e145/UNT_021_in_Deer_Creek_Watershed.json	ble_12070101_LowerBrazosLittleBrazos
items/ebfe/294fdb73040ebd4b1cc002c4e5df4155/UNT043_IN_SNCR.json	ble_11140101_Boisd_ArcIsland
items/ebfe/294fea8d565fe9dab0534c3e41c0fc21/UNT126_IN_CHCR.json	ble_11140101_Boisd_ArcIsland
items/ebfe/29657b2aa82af84ed9ddeb349052f2a5/UNT_048_IN_BDAR.json	ble_11140101_Boisd_ArcIsland
items/ebfe/2980ef0f1294e4ccbb7ccddcd326d387/UNT005_IN_GBRR.json	ble_11140101_Boisd_ArcIsland
items/ebfe/29aa73d665469378278a256504170230/UNT_048_IN_TCRR.json	ble_11140101_Boisd_ArcIsland
items/ebfe/29d9b52fca9d9485a6bfe2f6242c688b/WNC_TRIB_32.json	ble_12070101_LowerBrazosLittleBrazos
items/ebfe/29e661c1b62b5167af0e0db5bbc4fe0b/LITTLE_CANEY_CREEK.json	ble_11140101_Boisd_ArcIsland
items/ebfe/2a1300253da80a6ddb36bc0c3209e919/LITTLE_CEDAR_CREEK.json	ble_12070101_LowerBrazosLittleBrazos
items/ebfe/2a14d09dcced6f2415d08e4a3e9f930e/UNT_159_in_New_Year_Cr_Watershed.json	ble_12070101_LowerBrazosLittleBrazos
items/ebfe/2a1862f31adaa82181682da0f6ebf392/UNT_106_in_Beason_Cr_Watershed.json	ble_12070101_LowerBrazosLittleBrazos
items/ebfe/2a1a4ebb42c4ccc9eebdf6ec112022e1/UNT067_IN_GBRR.json	ble_11140101_Boisd_ArcIsland
items/ebfe/2a1e61b586fc9ca76b20bb4c99d98abf/UNT_176_in_Beason_Cr_Watershed.json	ble_12070101_LowerBrazosLittleBrazos
items/ebfe/2a58d21654677a6ad238988539123985/UNT062_IN_SNCR.json	ble_11140101_Boisd_ArcIsland
items/ebfe/2a87f70abf4307c0ba0f70b5489b3ac3/UNT_145_in_Old_River_Watershed.json	ble_12070101_LowerBrazosLittleBrazos
items/ebfe/2ab6884fd04eea69b73ad4884a6bc06e/UNT_030_in_New_Year_Cr_Watershed.json	ble_12070101_LowerBrazosLittleBrazos
items/ebfe/2aeea0542cf44b3f9d805e51b2358680/Bone_Branch.json	ble_12070101_LowerBrazosLittleBrazos
items/ebfe/2b1bf01eb90ff91967fd541a0683936e/UNT_153_in_New_Year_Cr_Watershed.json	ble_12070101_LowerBrazosLittleBrazos
items/ebfe/2b212c27504f37b10bbbf94e50531e44/UNT_037_in_PCW.json	ble_12070101_LowerBrazosLittleBrazos
items/ebfe/2b6b112049ce36b1f567bdebeea360e2/FELCHAK_BRANCH.json	ble_12070101_LowerBrazosLittleBrazos
items/ebfe/2bc1ca093776d2fe6f3e09be8795a8da/UNT_040_in_Deer_Creek_Watershed.json	ble_12070101_LowerBrazosLittleBrazos
items/ebfe/2bc4f0b88839b7a728dddfb355446bb3/UNT_218_in_Old_River_Watershed.json	ble_12070101_LowerBrazosLittleBrazos
items/ebfe/2be5e35bb0b03eb221bdbb47bacfb712/UNT117_IN_CHCR.json	ble_11140101_Boisd_ArcIsland
items/ebfe/2bfe883181be5a64330d8661b96d7e1a/UNT079_IN_GBRR.json	ble_11140101_Boisd_ArcIsland
items/ebfe/2bff0d922304fe2d9e385fa873cc3852/UNT085_IN_CHCR.json	ble_11140101_Boisd_ArcIsland
items/ebfe/2c4faa374fc7f55f0645ed616001bc64/WINTERS_CREEK.json	ble_11140101_Boisd_ArcIsland
items/ebfe/2c6554fd1acde6bdee62f7918dc67c18/CROOKED_CREEK_1.json	ble_11140101_Boisd_ArcIsland
items/ebfe/2c690554844d329ab4bf8c6c8464d900/UNT_1_in_Beason_Cr_Watershed.json	ble_12070101_LowerBrazosLittleBrazos
items/ebfe/2c87dfe984af5d2ea0bd0513f1bb1e4f/UNT_112_in_New_Year_Cr_Watershed.json	ble_12070101_LowerBrazosLittleBrazos
items/ebfe/2cb9aaf9a4d968a335fe0c02011a9ef8/UNT019_IN_GBRR.json	ble_11140101_Boisd_ArcIsland
items/ebfe/2cba22d18fd02180d2ac9672e33a046c/SOUTH_WNC_TRIB_3.json	ble_12070101_LowerBrazosLittleBrazos
items/ebfe/2cbd8126cb36fb47b061ad7d7196cac4/LITTLE_MUD_CREEK.json	ble_12070101_LowerBrazosLittleBrazos
items/ebfe/2cf6e095db972210c5fcaac0988e02bd/BURNS_BRANCH.json	ble_11140101_Boisd_ArcIsland
items/ebfe/2d00ebc0493f42a56501e3f0b12f26f1/CEDAR_CREEK.json	ble_11140101_Boisd_ArcIsland
items/ebfe/2d3cdd91339d45069678d54f4db11f0b/LITTLE_PIN_OAK_CREEK_TRIB_10.json	ble_12070101_LowerBrazosLittleBrazos
items/ebfe/2d73d49973613b2dc75099fdec816bb7/WHITE_CREEK_TRIBUTARY_4.json	ble_12070101_LowerBrazosLittleBrazos
items/ebfe/2d7c636611e3f9ae16330c96721afcaa/UNT_275_in_Deer_Creek_Watershed.json	ble_12070101_LowerBrazosLittleBrazos
items/ebfe/2da7dcaf928064d0587b523ee49666ac/UNT093_IN_CHCR.json	ble_11140101_Boisd_ArcIsland
items/ebfe/2da99b97542cf29e36727e464daeccda/UNT_101_IN_BDAR.json	ble_11140101_Boisd_ArcIsland
items/ebfe/2db5a8f2d7b9456b3f52e89c205e7597/ELLSWORTH_BRANCH_TRIBUTARY_A.json	ble_11140101_Boisd_ArcIsland
items/ebfe/2dcbcfa26c608866ac9986d6671c430a/UNT00844_IN_SCRR.json	ble_11140101_Boisd_ArcIsland
items/ebfe/2df016e50c9a3703c782170be8262b6a/UNT_123_in_Deer_Creek_Watershed.json	ble_12070101_LowerBrazosLittleBrazos
items/ebfe/2df17c0ddfbfafb617621faa0bbbf2f1/WHITE_CREEK_TRIBUTARY_12.json	ble_12070101_LowerBrazosLittleBrazos
items/ebfe/2e04cedd7b5adf99dfcbbfa55869d28e/SANDERS_CREEK.json	ble_11140101_Boisd_ArcIsland
items/ebfe/2e1aaa8c76eb36c5942396f59d4e53c8/CAMPBELLS_CREEK_TRIB_12.json	ble_12070101_LowerBrazosLittleBrazos
items/ebfe/2e281defbe1d2ed263d7d9c8844240bc/UNT_59_in_Beason_Cr_Watershed.json	ble_12070101_LowerBrazosLittleBrazos
items/ebfe/2e437444213cdca277a9aa827c421cbf/UNT_013_in_New_Year_Cr_Watershed.json	ble_12070101_LowerBrazosLittleBrazos
items/ebfe/2e5d1f95819416fa7dc7dd51390a0515/SANDY_CREEK_NORTH_TRIB_7.json	ble_12070101_LowerBrazosLittleBrazos
items/ebfe/2ec26686958a05ba8bf34b0321d5075d/UNT_097_in_BCBC_Watershed.json	ble_12070101_LowerBrazosLittleBrazos
items/ebfe/2f19e6e7bf4fc83a257bdd2dd21f7618/UNT035_IN_PNCR.json	ble_11140101_Boisd_ArcIsland
items/ebfe/2fe5021a5ac6ebee54e8f2124b9a6aa4/YOAKUM_CREEK.json	ble_11140101_Boisd_ArcIsland
items/ebfe/3055bbef75bd230e612353650cbd341e/UNT_048_in_BCBC_Watershed.json	ble_12070101_LowerBrazosLittleBrazos
items/ebfe/306878921ae8aa201ff73141973d395a/BEE_BR_W.json	ble_12070101_LowerBrazosLittleBrazos
items/ebfe/306a23cf0c57eac4f734e2ead7061a5b/LITTLE_PIN_OAK_CREEK_TRIB_10_1.json	ble_12070101_LowerBrazosLittleBrazos
items/ebfe/306f1f05bb4172f1543e056f5958a3ef/UNT_302_IN_BDAR.json	ble_11140101_Boisd_ArcIsland
items/ebfe/307ca9460c2790e1b47461aaa57bc9df/CHAIR_BRANCH_TRIBUTARY_2_1.json	ble_12070101_LowerBrazosLittleBrazos
items/ebfe/30836fbad5ad374a361bcfad641d4385/UNT_90_in_Beason_Cr_Watershed.json	ble_12070101_LowerBrazosLittleBrazos
items/ebfe/30b7d4cc143779b51ede820b3470a09f/POOLE_CREEK.json	ble_12070101_LowerBrazosLittleBrazos
items/ebfe/30b7ea7309070dc0222ca41150f23386/LITTLE_PIN_OAK_CREEK_TRIB_14.json	ble_12070101_LowerBrazosLittleBrazos
items/ebfe/30dd5c8d746514e2ef16e8a2403bc515/UNT_10_in_Beason_Cr_Watershed.json	ble_12070101_LowerBrazosLittleBrazos
items/ebfe/30f449716c93ed757e2829fa16db9848/UNT_022_in_BCBC_Watershed.json	ble_12070101_LowerBrazosLittleBrazos
items/ebfe/3102d9ca9a53cf72eafe3841d13b20fb/UNT054_IN_SNCR.json	ble_11140101_Boisd_ArcIsland
items/ebfe/313c8dc3ab53d2963f7dcc6fba270299/UNT0107_IN_SCRR.json	ble_11140101_Boisd_ArcIsland
items/ebfe/31784444d4dc7edab19adfe3beab4a96/UNT_198_in_Beason_Cr_Watershed.json	ble_12070101_LowerBrazosLittleBrazos
items/ebfe/31820fcc136807b526ab07ec333c5506/WNC_TRIB_4.json	ble_12070101_LowerBrazosLittleBrazos
items/ebfe/31a9bac094fec9639f682ab6f0c3b66c/UNT_111_in_Old_River_Watershed.json	ble_12070101_LowerBrazosLittleBrazos
items/ebfe/31c11c383e8b995dd058e5516358a83a/Live_Oak_Creek.json	ble_12070101_LowerBrazosLittleBrazos
items/ebfe/31e5c6df4428bfdd15d24f34060ae880/LITTLE_SANDY_CR_TRIB_4.json	ble_12070101_LowerBrazosLittleBrazos
items/ebfe/31f8ff25c82bdc2b3b592aaa35de54dd/UNT_142_IN_BDAR.json	ble_11140101_Boisd_ArcIsland
items/ebfe/31fa031db9bf94344809a3dc1ac5927e/POWDER_CREEK.json	ble_11140101_Boisd_ArcIsland
items/ebfe/32143d92258b4de6c81f1adb265452a6/UNT_125_in_Beason_Cr_Watershed.json	ble_12070101_LowerBrazosLittleBrazos
items/ebfe/324f7306b93ffd7413f528c5d2115b80/UNT007_IN_SNCR.json	ble_11140101_Boisd_ArcIsland
items/ebfe/3254e07b9ded1f1f482975a0473ed38d/UNT0124_IN_SCRR.json	ble_11140101_Boisd_ArcIsland
items/ebfe/3267e96eeba9c2598cd1c14b2565dfff/UNT_132_in_New_Year_Cr_Watershed.json	ble_12070101_LowerBrazosLittleBrazos
items/ebfe/3280789e6c586b91db4937d3259f1d84/UNT_009_IN_BDAR.json	ble_11140101_Boisd_ArcIsland
items/ebfe/328bdb0737a690bb944d1f42763a10c8/UNT_140_IN_BDAR.json	ble_11140101_Boisd_ArcIsland
items/ebfe/330baef0616180f72d657f34dc29b5ed/UNT_216_IN_BDAR.json	ble_11140101_Boisd_ArcIsland
items/ebfe/331028d0be2d1654f9c9a38ca1a60e53/WNC_TRIB_5.json	ble_12070101_LowerBrazosLittleBrazos
items/ebfe/331b222e3bbc928a3eebafebb3294217/DUNN_CREEK_TRIB_12.json	ble_12070101_LowerBrazosLittleBrazos
items/ebfe/331e6de0b0a74f4c05c61d7b554763e6/UNT_019_in_Deer_Creek_Watershed.json	ble_12070101_LowerBrazosLittleBrazos
items/ebfe/337fdd7b5ea8e47e33f01adadfc49a0d/UNT031_IN_CHCR.json	ble_11140101_Boisd_ArcIsland
items/ebfe/3395d18baa9d7b4d821269ca95b2328b/UNT_013_in_LBR_Watershed.json	ble_12070101_LowerBrazosLittleBrazos
items/ebfe/33a139f5868e1f624f8f1ecf991efacd/WOLF_DEN_BRANCH_TRIB_1.json	ble_12070101_LowerBrazosLittleBrazos
items/ebfe/33bc35c8009e89f16507c975e309ab7f/UNT_211_in_Beason_Cr_Watershed.json	ble_12070101_LowerBrazosLittleBrazos
items/ebfe/33ca6a68fc902898a7f20e30480fbdfe/West_Bone_Branch.json	ble_12070101_LowerBrazosLittleBrazos
items/ebfe/33cf0a50f4edaca3a272e3ef7a00b742/UNT_032_in_LBR_Watershed.json	ble_12070101_LowerBrazosLittleBrazos
items/ebfe/341f259d73c252df0fd22847ec81b3f1/UNT_9_in_Beason_Cr_Watershed.json	ble_12070101_LowerBrazosLittleBrazos
items/ebfe/342750146404fd1325aed7ebac3dc872/UNT_051_IN_TCRR.json	ble_11140101_Boisd_ArcIsland
items/ebfe/346b21bc1745374801f0b4cc161bf79c/Sandy_Creek.json	ble_12070101_LowerBrazosLittleBrazos
items/ebfe/3470ce0c5d44130a3d2ff9a3a5584124/UNT_224_IN_BDAR.json	ble_11140101_Boisd_ArcIsland
items/ebfe/34a3d738673f2a4f21333edaa748c998/UNT136_IN_CHCR.json	ble_11140101_Boisd_ArcIsland
items/ebfe/34c04593831d224a1f7c158c89d156cf/UNT010_IN_CHCR.json	ble_11140101_Boisd_ArcIsland
items/ebfe/34cf2a452d69f8476b43a631d4d69538/UNT_018_in_New_Year_Cr_Watershed.json	ble_12070101_LowerBrazosLittleBrazos
items/ebfe/34e8b00651c29473eb80fa9baeb736b5/UNT_071_in_New_Year_Cr_Watershed.json	ble_12070101_LowerBrazosLittleBrazos
items/ebfe/34f3c962b572d9292a63f08623a6e7fc/UNT_151_in_New_Year_Cr_Watershed.json	ble_12070101_LowerBrazosLittleBrazos
items/ebfe/35068c4c092dc835792b37b28f15ba79/TURKEY_CREEK.json	ble_12070101_LowerBrazosLittleBrazos
items/ebfe/350f2abbf1221ec1b51463c5caadf35d/UNT081_IN_CHCR.json	ble_11140101_Boisd_ArcIsland
items/ebfe/351863370f4c2831e8c54cef1cda9955/LITTLE_BRAZOS_RIVER_TRIB_34.json	ble_12070101_LowerBrazosLittleBrazos
items/ebfe/3519973fe0cb5a3f3926cc7c93ddd5ea/DUNN_CREEK_TRIB_6.json	ble_12070101_LowerBrazosLittleBrazos
items/ebfe/3524bc60954f73506ac0e864ec7249c3/UNT_22_in_Beason_Cr_Watershed.json	ble_12070101_LowerBrazosLittleBrazos
items/ebfe/354ac4dfd03588c884cb4f229b6732c3/STORM_BRANCH.json	ble_12070101_LowerBrazosLittleBrazos
items/ebfe/355079ad67969bde2f0a9344558b29e3/UNT_055_in_Cedar_Creek_Watershed.json	ble_12070101_LowerBrazosLittleBrazos
items/ebfe/355152cd78f4d61d819f7da728beeb3c/MOORE_CREEK_TRIB.json	ble_11140101_Boisd_ArcIsland
items/ebfe/3556f755288cb8faf0df254b2935524c/UNT053_IN_PNCR.json	ble_11140101_Boisd_ArcIsland
items/ebfe/35a342a21688c3cd6275429b7de59292/UNT_15_in_Beason_Cr_Watershed.json	ble_12070101_LowerBrazosLittleBrazos
items/ebfe/35d3936b5c9e9baf61acf0fdd8bea126/UNT_53_in_Beason_Cr_Watershed.json	ble_12070101_LowerBrazosLittleBrazos
items/ebfe/35ff2605262e1e8f86d9710f9634366d/UNT_43_in_Beason_Cr_Watershed.json	ble_12070101_LowerBrazosLittleBrazos
items/ebfe/361bd866a5030ef620d1c42f5f7076ac/LONG_BRANCH.json	ble_11140101_Boisd_ArcIsland
items/ebfe/3621115039775ce0b07cc2f7b387f772/UNT130_IN_CHCR.json	ble_11140101_Boisd_ArcIsland
items/ebfe/3634ebf0d2ba70b7bc8208b8c4c7e7a5/UNT_022_in_PCW.json	ble_12070101_LowerBrazosLittleBrazos
items/ebfe/36495f2bcd2d2ece67fa3c423410b932/Hoolia_Creek.json	ble_12070101_LowerBrazosLittleBrazos
items/ebfe/3649f693d7a07bf77e0f55f68c5be81d/BECK_CR_TRIB_1.json	ble_12070101_LowerBrazosLittleBrazos
items/ebfe/365620d40e8e8c777af1212d2a5dc17e/UNT_041_in_PCW.json	ble_12070101_LowerBrazosLittleBrazos
items/ebfe/366bf014b8e204c3d66378e4f43e1bec/WNC_TRIB_33.json	ble_12070101_LowerBrazosLittleBrazos
items/ebfe/366df6bf3bf7144452861cf19979b535/UNT_066_IN_TCRR.json	ble_11140101_Boisd_ArcIsland
items/ebfe/36a6a310c5ef7d37ab9ad046b2ef055e/SMITH_CREEK.json	ble_11140101_Boisd_ArcIsland
items/ebfe/36c7b62d6cf4a38a494733d061492f97/UNT_182_IN_BDAR.json	ble_11140101_Boisd_ArcIsland
items/ebfe/36ed8b3c882ce92827e691f7d23e8999/HIGGINS_BRANCH.json	ble_12070101_LowerBrazosLittleBrazos
items/ebfe/36f32ffd6612728e58d4abf7192627b7/UNT_193_IN_BDAR.json	ble_11140101_Boisd_ArcIsland
items/ebfe/370c55f10e4a0f68649e91b0b0832364/UNT_175_in_Beason_Cr_Watershed.json	ble_12070101_LowerBrazosLittleBrazos
items/ebfe/37321a7e98e72678c8274bb2888cd858/BRUSHY_CREEK_WEST_TRIBUTARY_3.json	ble_12070101_LowerBrazosLittleBrazos
items/ebfe/373d75a77b9b27e22b91d3954c9ba16f/HOPES_CREEK_TRIBUTARY_3.json	ble_12070101_LowerBrazosLittleBrazos
items/ebfe/374a89ac6f92cbf89c6f570336e2054e/THOMPSONS_BRANCH_TRIBUTARY_11.json	ble_12070101_LowerBrazosLittleBrazos
items/ebfe/37655605535ff019793d5c0c9a1b08a0/UNT_094_in_New_Year_Cr_Watershed.json	ble_12070101_LowerBrazosLittleBrazos
items/ebfe/377c0186436ae7d1e2da0e81205bd4c5/UNT_002_in_PCW.json	ble_12070101_LowerBrazosLittleBrazos
items/ebfe/378f170543ca61ca115a1645dd51d52b/UNT_063_IN_TCRR.json	ble_11140101_Boisd_ArcIsland
items/ebfe/3791e538ece3b3d68bf91a2a047ddf06/UNT_033_IN_TCRR.json	ble_11140101_Boisd_ArcIsland
items/ebfe/37d87488fe2d14431e1c72385b24a88d/UNT_170_in_Beason_Cr_Watershed.json	ble_12070101_LowerBrazosLittleBrazos
items/ebfe/37fd6142e56998f69dd19c4623decd2a/UNT_045_IN_BDAR.json	ble_11140101_Boisd_ArcIsland
items/ebfe/37feaca9269e8ff8d015203c01128170/Little_Pond_Creek.json	ble_12070101_LowerBrazosLittleBrazos
items/ebfe/380f1d59b2155c6f387f8d9ee61959db/SPRING_CREEK_TRIB_28.json	ble_12070101_LowerBrazosLittleBrazos
items/ebfe/382054b114362edb5f80ff9300c3f21a/UNT_85_in_Beason_Cr_Watershed.json	ble_12070101_LowerBrazosLittleBrazos
items/ebfe/385a59a3169a491c5c74b2ded087389e/UNT_68_in_Beason_Cr_Watershed.json	ble_12070101_LowerBrazosLittleBrazos
items/ebfe/385c369291d72c7eb91e3b0af7ab66b9/UNT_306_IN_TCRR.json	ble_11140101_Boisd_ArcIsland
items/ebfe/385c9a4ac37356269f43bafc95a5102d/UNT_025_IN_BDAR.json	ble_11140101_Boisd_ArcIsland
items/ebfe/3864857a8a56c01e85ef1fd189cbd473/UNT009_IN_CHCR.json	ble_11140101_Boisd_ArcIsland
items/ebfe/387a40ade10a715f5d8d57f432aea5a3/UNT_072_IN_TCRR.json	ble_11140101_Boisd_ArcIsland
items/ebfe/3885ceffd1934185bee024d4f12dcf3d/UNT_018_in_BCBC_Watershed.json	ble_12070101_LowerBrazosLittleBrazos
items/ebfe/388bd5744065f9b092dddd5cf61005f5/Cottonwood_Branch.json	ble_12070101_LowerBrazosLittleBrazos
items/ebfe/389627d236905257f0cbf46b411f2859/BRAZOS_RIVER_TRIBUTARY_23.json	ble_12070101_LowerBrazosLittleBrazos
items/ebfe/38ba670afd279eb151373e57a26b499b/PIG_BRANCH.json	ble_11140101_Boisd_ArcIsland
items/ebfe/38cd724436b4fab36c2899bbde805699/UNT026_IN_ISLB.json	ble_11140101_Boisd_ArcIsland
items/ebfe/38f5659ac37099dfda81ed92dc3ac14c/UNT_127_in_Deer_Creek_Watershed.json	ble_12070101_LowerBrazosLittleBrazos
items/ebfe/395904bc0e04a39e8b17020bb93e1d65/UNT029_IN_CHCR.json	ble_11140101_Boisd_ArcIsland
items/ebfe/396e70dedfe36ca68072a6272fff4b43/UNT_274_in_Deer_Creek_Watershed.json	ble_12070101_LowerBrazosLittleBrazos
items/ebfe/398d9f42ed0c821f32bee0cc365863a2/UNT_208_in_Beason_Cr_Watershed.json	ble_12070101_LowerBrazosLittleBrazos
items/ebfe/39961b4b54c1a4d6d68bda55e6e7d7e9/UNT_035_in_Cedar_Creek_Watershed.json	ble_12070101_LowerBrazosLittleBrazos
items/ebfe/39b8e642040bfa67eeba0d5e46a1cd85/SOUTH_WNC_TRIB_18.json	ble_12070101_LowerBrazosLittleBrazos
items/ebfe/39c4da994fc4c04c6e6ad9ef30862af1/PUTNEY_BRANCH_TRIB_2.json	ble_12070101_LowerBrazosLittleBrazos
items/ebfe/39e0a9b44e090b7f4ed1b1662a252bc1/UNT_122_IN_BDAR.json	ble_11140101_Boisd_ArcIsland
items/ebfe/39e5ded7cf9a2c9c322c5e32dff84944/HIGGINS_TRIBUTARY.json	ble_12070101_LowerBrazosLittleBrazos
items/ebfe/39fa58c6f78bfb057096883ef3cee622/UNT_049_IN_TCRR.json	ble_11140101_Boisd_ArcIsland
items/ebfe/3a2fd64d3d73e1ce5a678f7b22d7bbd6/UNT_227_IN_BDAR.json	ble_11140101_Boisd_ArcIsland
items/ebfe/3a7b3c4995d291b0ea949bb0b6fd45b1/DUCK_POND_BRANCH_TRIB_3.json	ble_12070101_LowerBrazosLittleBrazos
items/ebfe/3aae60e8013d6806ff4f1522588ddd72/Big_Briary_Creek.json	ble_12070101_LowerBrazosLittleBrazos
items/ebfe/3ae9df6a0aea58d2c55da06b16b67d41/SOUTH_WNC_TRIB_6_1.json	ble_12070101_LowerBrazosLittleBrazos
items/ebfe/3b3c616401ed701a744f97532061628e/UNT9999_IN_GBRR.json	ble_11140101_Boisd_ArcIsland
items/ebfe/3b4ebc2cdc99a63a5cc7b6b11cb80d1d/UNT_143_in_New_Year_Cr_Watershed.json	ble_12070101_LowerBrazosLittleBrazos
items/ebfe/3b52d8c9a816c59746beeb1d64deffa3/UNT_056_IN_TCRR.json	ble_11140101_Boisd_ArcIsland
items/ebfe/3b76d78b4c9cf9ab90206ac1efc0ffa7/Tributary_4_to_North_Cow_Bayou.json	ble_12070101_LowerBrazosLittleBrazos
items/ebfe/3b7e5912c9c312a0fc5c30c77ef27a1a/UNT_027_in_New_Year_Cr_Watershed.json	ble_12070101_LowerBrazosLittleBrazos
items/ebfe/3ba73f5fdf52d727b1ddcaaa9ba9dde9/EAST_FORK_POST_OAK_CREEK.json	ble_11140101_Boisd_ArcIsland
items/ebfe/3bb6629903de79bfd28e327e49b472fc/WALKER_CREEK_TRIB_5.json	ble_12070101_LowerBrazosLittleBrazos
items/ebfe/3bc190b07cbfeed961d97ebe3aed44f6/UNT_132_in_Beason_Cr_Watershed.json	ble_12070101_LowerBrazosLittleBrazos
items/ebfe/3bd0b522d792df3be15a818532075b47/ALLIGATOR_CREEK_TRIBUTARY_2_2.json	ble_12070101_LowerBrazosLittleBrazos
items/ebfe/3bf71336cdd5eed8b391acbc1041be43/UNT_91_in_Beason_Cr_Watershed.json	ble_12070101_LowerBrazosLittleBrazos
items/ebfe/3c1ecce5848b84689f5e2a301c67e3c5/UNT00948_IN_SCRR.json	ble_11140101_Boisd_ArcIsland
items/ebfe/3c2540ab0346c682e7cffc6e570cd8cb/UNT_039_in_Cedar_Creek_Watershed.json	ble_12070101_LowerBrazosLittleBrazos
items/ebfe/3c267327c6f3f34606851217f1de1980/UNT_24_in_Beason_Cr_Watershed.json	ble_12070101_LowerBrazosLittleBrazos
items/ebfe/3c2e4e9b9d4be7f1ea34307699e9a45d/UNT_052_in_Old_River_Watershed.json	ble_12070101_LowerBrazosLittleBrazos
items/ebfe/3c70c293b1435e5c2d6b09e57f91b837/GNATS_CR.json	ble_12070101_LowerBrazosLittleBrazos
items/ebfe/3c763e5b6f6928a0b54278412440acbd/DUNN_CREEK_TRIB_9.json	ble_12070101_LowerBrazosLittleBrazos
items/ebfe/3c7b6977ca0fb5a3d36e6944f6878217/UNT087_IN_ISLB.json	ble_11140101_Boisd_ArcIsland
items/ebfe/3c827c9b9c10f2a92cf95f92fe70a97b/UNT_128_in_Old_River_Watershed.json	ble_12070101_LowerBrazosLittleBrazos
items/ebfe/3caff20f2b1e6a75493dde4c9e022f4d/LITTLE_MUD_CREEK_TRIB_3.json	ble_12070101_LowerBrazosLittleBrazos
items/ebfe/3cb96392bc4de989f8576901cf8343e0/UNT_188_IN_BDAR.json	ble_11140101_Boisd_ArcIsland
items/ebfe/3cdf5cc0ed2726b4eecbe45fe014d79c/SHOOTER_CREEK.json	ble_11140101_Boisd_ArcIsland
items/ebfe/3cdf8efbe12998ba2fac299df7357c6c/UNT073_IN_SNCR.json	ble_11140101_Boisd_ArcIsland
items/ebfe/3cef0f5a196492020ea9987a4df8569d/MUD_CREEK.json	ble_12070101_LowerBrazosLittleBrazos
items/ebfe/3cf4a6c66f2d2fa94cdc164299a74f67/UNT112_IN_ISLB.json	ble_11140101_Boisd_ArcIsland
items/ebfe/3cff2934f8376a9d130c4c62ef9569ae/UNT132_IN_CHCR.json	ble_11140101_Boisd_ArcIsland
items/ebfe/3d0e0f4b31058bb15ccd53dc9012f3ea/GRASSY_SLOUGH.json	ble_12070101_LowerBrazosLittleBrazos
items/ebfe/3d1ecce77fe6992260c18d09f0b76c76/UNT_111_IN_TCRR.json	ble_11140101_Boisd_ArcIsland
items/ebfe/3d85ff6166bf314ac84c3957157ac7f4/UNT_107_in_BCBC_Watershed.json	ble_12070101_LowerBrazosLittleBrazos
items/ebfe/3d89cd3e3edebd16d6e8318fa87579b5/UNT0108_IN_SCRR.json	ble_11140101_Boisd_ArcIsland
items/ebfe/3d8de454e75df6e2a01543bd41c1ea58/UNT_062_in_PCW.json	ble_12070101_LowerBrazosLittleBrazos
items/ebfe/3d91f6d5d1e7a9421ec751792d0bfe88/JURET_BRANCH.json	ble_11140101_Boisd_ArcIsland
items/ebfe/3dda0cb6f0a6b65ec121d3b5ea582808/MILL_CR.json	ble_12070101_LowerBrazosLittleBrazos
items/ebfe/3ddcda8489560135d5d35924f3899d96/UNT_147_in_Old_River_Watershed.json	ble_12070101_LowerBrazosLittleBrazos
items/ebfe/3deb3e951f499384e776bbd81b38b51c/UNT_161_in_Old_River_Watershed.json	ble_12070101_LowerBrazosLittleBrazos
items/ebfe/3df7831cdd6728159f64c36446be525f/UNT054_IN_CHCR.json	ble_11140101_Boisd_ArcIsland
items/ebfe/3df825c054dbba9d555be9b36cd07f52/UNT_028_IN_TCRR.json	ble_11140101_Boisd_ArcIsland
items/ebfe/3e0b15481a257653f76d7bd42c84ee74/UNT092_IN_ISLB.json	ble_11140101_Boisd_ArcIsland
items/ebfe/3e210d2989ffc9913609d95dda5ebe58/UNT_009_in_New_Year_Cr_Watershed.json	ble_12070101_LowerBrazosLittleBrazos
items/ebfe/3e2ec7e4cd6f3c1bd08d7bbe66319929/UNT098_IN_CHCR.json	ble_11140101_Boisd_ArcIsland
items/ebfe/3e3c2a70801e8294ceaa7ffe7d2e7352/UNT094_IN_GBRR.json	ble_11140101_Boisd_ArcIsland
items/ebfe/3e3f4c4e92acffd7e05ad319567fb4d7/UNT058_IN_CHCR.json	ble_11140101_Boisd_ArcIsland
items/ebfe/3e6a343012a5b135fff3ddc83a374470/UNT_211_IN_BDAR.json	ble_11140101_Boisd_ArcIsland
items/ebfe/3ea0c7f0d263b422c90a98dd6d560119/SPRING_CREEK_TRIB_11.json	ble_12070101_LowerBrazosLittleBrazos
items/ebfe/3ea691737d81e23cf443ab19c9bc55c5/UNT_196_IN_BDAR.json	ble_11140101_Boisd_ArcIsland
items/ebfe/3ead20e1e787e149046eb34ec1bea4c7/UNT_088_in_Old_River_Watershed.json	ble_12070101_LowerBrazosLittleBrazos
items/ebfe/3ebd2e7a5ce07f7492c5ea2c4e4f24e3/UNT_041_in_BCBC_Watershed.json	ble_12070101_LowerBrazosLittleBrazos
items/ebfe/3ec3a331cc10003355b6ad63fd0c9348/UNT_169_IN_BDAR.json	ble_11140101_Boisd_ArcIsland
items/ebfe/3ed3736394293214a3c8dadb1bc9a0ec/UNT_155_IN_BDAR.json	ble_11140101_Boisd_ArcIsland
items/ebfe/3eddd6aed28b50a4854ccebe772e616a/PIN_OAK_CREEK_SOUTH_TRIB_16.json	ble_12070101_LowerBrazosLittleBrazos
items/ebfe/3edfe33be6e7e9f1f58a1432e7e74f30/DUCK_CREEK.json	ble_11140101_Boisd_ArcIsland
items/ebfe/3ee29242d43eca9a08943bf64fa24bb4/UNT01012_IN_SCRR.json	ble_11140101_Boisd_ArcIsland
items/ebfe/3f68a1441126040d5961616efe36cb4d/GARNER_BRANCH.json	ble_12070101_LowerBrazosLittleBrazos
items/ebfe/3f714c95c48c5c71ccdb0bb4d72ce73d/UNT097_IN_ISLB.json	ble_11140101_Boisd_ArcIsland
items/ebfe/3f83cc9aa6f03e7042f4882d1ea708a7/UNT074_IN_CHCR.json	ble_11140101_Boisd_ArcIsland
items/ebfe/3fdd1089de92245f4fc7e00ce0a8a16e/UNT056_IN_GBRR.json	ble_11140101_Boisd_ArcIsland
items/ebfe/3fde67a8686dd3d21e9d9c9fd5596b2d/UNT_164_in_Old_River_Watershed.json	ble_12070101_LowerBrazosLittleBrazos
items/ebfe/4030ec5016000e6380d7d7bdf14182f9/BEE_BRANCH.json	ble_12070101_LowerBrazosLittleBrazos
items/ebfe/403e81126cfb4f78fed414f5ae57235a/UNT_077_in_Cedar_Creek_Watershed.json	ble_12070101_LowerBrazosLittleBrazos
items/ebfe/40610542323550c8858c34ea0a427adb/UNT_208_in_Old_River_Watershed.json	ble_12070101_LowerBrazosLittleBrazos
items/ebfe/407008dfdc1f67a7470eb388eb34e623/UNT4551_IN_SNCR.json	ble_11140101_Boisd_ArcIsland
items/ebfe/40802ee290324be00e846eef50ce90df/UNT_059_in_Deer_Creek_Watershed.json	ble_12070101_LowerBrazosLittleBrazos
items/ebfe/4091f3260c2a737646a06ff62e9dbdd6/SANDY_CREEK_NORTH_TRIB_2.json	ble_12070101_LowerBrazosLittleBrazos
items/ebfe/409d5bfa34ea2eb3f351aaaf31c4ae74/Foster_Branch.json	ble_12070101_LowerBrazosLittleBrazos
items/ebfe/40ab1a2f4d6980a9e7d2c82954fe1745/BIG_SANDY_CREEK.json	ble_12070101_LowerBrazosLittleBrazos
items/ebfe/40c037e5482adfa1209e57e2e19ff492/ROCKY_CREEK.json	ble_12070101_LowerBrazosLittleBrazos
items/ebfe/41124dd7989408a9f0d9763e6d955fe9/UNT_047_in_PCW.json	ble_12070101_LowerBrazosLittleBrazos
items/ebfe/411aa4b9551ab6936988508bb66d4fad/UNT_004_in_New_Year_Cr_Watershed.json	ble_12070101_LowerBrazosLittleBrazos
items/ebfe/41348b9a68bc21d8f8f393d3f8981bba/UNT_159_in_Beason_Cr_Watershed.json	ble_12070101_LowerBrazosLittleBrazos
items/ebfe/416081a356a7cc91b0f9cfdf73c62dec/UNT_058_IN_TCRR.json	ble_11140101_Boisd_ArcIsland
items/ebfe/41626e4f74fa30096dd9b9038d6e2e72/UNT0103_IN_SCRR.json	ble_11140101_Boisd_ArcIsland
items/ebfe/4172e971fd708bbb65d4bf82137f9b46/OAKLAND_BRANCH.json	ble_11140101_Boisd_ArcIsland
items/ebfe/4179143a4e74dd6f4b54ec19331c42d8/SAND_BRANCH.json	ble_12070101_LowerBrazosLittleBrazos
items/ebfe/41a0117a94716ad28a622fd28a9d3d67/UNT_069_IN_BDAR.json	ble_11140101_Boisd_ArcIsland
items/ebfe/41b37fa2afd727639808b1b0ac3bf7e2/Walnut_Bayou.json	ble_12070101_LowerBrazosLittleBrazos
items/ebfe/41b6a9fbad657fb77dcef0a11af2d8d2/UNT01031_IN_SCRR.json	ble_11140101_Boisd_ArcIsland
items/ebfe/41d07d2b1851a3f5984d1ba75516c799/JACKSON_CREEK.json	ble_12070101_LowerBrazosLittleBrazos
items/ebfe/422ba7569b02cf60397eb90fc9c01c4a/Cottonwood_Branch_Tributary_5.json	ble_12070101_LowerBrazosLittleBrazos
items/ebfe/4233de5510ecdc93dd8efcdbebf37ad6/MUD_CREEK_TRIB_7.json	ble_12070101_LowerBrazosLittleBrazos
items/ebfe/423601ac3610267a99a6cdcdf46ecb8e/UNT_188_in_Deer_Creek_Watershed.json	ble_12070101_LowerBrazosLittleBrazos
items/ebfe/425b79e03517ed0c059dbb614f3807ed/UNT057_IN_PNCR.json	ble_11140101_Boisd_ArcIsland
items/ebfe/42af745cbf84ed4af6e7b324f9be67ce/UNT005_IN_CHCR.json	ble_11140101_Boisd_ArcIsland
items/ebfe/42b32df9e3de097eaf3d8f154da210e6/SHAWNEE_CREEK.json	ble_11140101_Boisd_ArcIsland
items/ebfe/42c078d1a351f9cb192028795c9a7818/PIN_OAK_CREEK_SOUTH.json	ble_12070101_LowerBrazosLittleBrazos
items/ebfe/42e55596dcb5e065521bdb5b1cf4c5b5/UNT_52_in_Beason_Cr_Watershed.json	ble_12070101_LowerBrazosLittleBrazos
items/ebfe/43526525f04b96e50d922caaa353d030/CHINQUAPIN_CREEK.json	ble_11140101_Boisd_ArcIsland
items/ebfe/435cf62db06dbab117f295e25a2da7bf/UNT_051_in_PCW.json	ble_12070101_LowerBrazosLittleBrazos
items/ebfe/43addc8535421eb116c4877d69f8cfc3/GUM_BRANCH.json	ble_12070101_LowerBrazosLittleBrazos
items/ebfe/43b34d1399401d342ef1e50cbd9bfca1/East_Fork_Deer_Creek.json	ble_12070101_LowerBrazosLittleBrazos
items/ebfe/43d29ad8f51161ab3975cff7b9553cc7/UNT_23_in_Beason_Cr_Watershed.json	ble_12070101_LowerBrazosLittleBrazos
items/ebfe/43d5ce962251bd6810d295e51607a06f/UNT_011_in_Old_River_Watershed.json	ble_12070101_LowerBrazosLittleBrazos
items/ebfe/4416bfba89903abdd78dec4a14607d19/UNT111_IN_ISLB.json	ble_11140101_Boisd_ArcIsland
items/ebfe/4424383ef89e3ae4f10c561bb613e989/PIN_OAK_CREEK_SOUTH_TRIB_18_1_1.json	ble_12070101_LowerBrazosLittleBrazos
items/ebfe/4424aaccb8520254296f9820b331127d/UNT_098_IN_TCRR.json	ble_11140101_Boisd_ArcIsland
items/ebfe/443c0f2e6cc9c2b5e5d9bf47aebf3703/UNT120_IN_ISLB.json	ble_11140101_Boisd_ArcIsland
items/ebfe/44784b2d1bd5aee2ec944ddf68cbf72d/UNT_030_IN_BDAR.json	ble_11140101_Boisd_ArcIsland
items/ebfe/448eba4ae33a7d78c6d9be8751accd19/UNT_047_IN_TCRR.json	ble_11140101_Boisd_ArcIsland
items/ebfe/4493283797777995bb9340949b23178a/UNT119_IN_ISLB.json	ble_11140101_Boisd_ArcIsland
items/ebfe/44a6a0c5c91712b164ad60ed0d14cc87/FRAZIER_CREEK.json	ble_11140101_Boisd_ArcIsland
items/ebfe/44b2548ef82fd7606cce72e01e95c197/UNT_010_in_New_Year_Cr_Watershed.json	ble_12070101_LowerBrazosLittleBrazos
items/ebfe/44b6cd38f237863f26562398180d8af4/UNT_002_in_Deer_Creek_Watershed.json	ble_12070101_LowerBrazosLittleBrazos
items/ebfe/44d377427540ef26cdcfe73e408170a0/UNT_099_in_BCBC_Watershed.json	ble_12070101_LowerBrazosLittleBrazos
items/ebfe/44d7f7b7a4ab04b3307ff50a78eafd93/FOX_CREEK.json	ble_11140101_Boisd_ArcIsland
items/ebfe/44de8b2a82d2fdc15c301b2ce6ca10ba/CEDAR_CREEK_TRIBUTARY_4.json	ble_12070101_LowerBrazosLittleBrazos
items/ebfe/44f565fb36c527d8e6fadecc41dce3e3/UNT_009_IN_TCRR.json	ble_11140101_Boisd_ArcIsland
items/ebfe/453379172da894e1127853d9639fec70/UNT_095_in_Old_River_Watershed.json	ble_12070101_LowerBrazosLittleBrazos
items/ebfe/4554184654a7d4ca93602511d8570aaa/UNT091_IN_PNCR.json	ble_11140101_Boisd_ArcIsland
items/ebfe/455e3850f3daa75a31e7f0b812a81b88/UNT_031_in_LBR_Watershed.json	ble_12070101_LowerBrazosLittleBrazos
items/ebfe/4578eeeac15dad8c7ba37f02aa693ad5/UNT_203_IN_BDAR.json	ble_11140101_Boisd_ArcIsland
items/ebfe/458c6928ce5aa25cc4b1e5ec882f9821/MUD_BRANCH.json	ble_11140101_Boisd_ArcIsland
items/ebfe/45e60e224c1ea72d0778915122fe961a/UNT_146_in_New_Year_Cr_Watershed.json	ble_12070101_LowerBrazosLittleBrazos
items/ebfe/45e6f9bee8e8dad0870def32d3672fce/UNT_158_in_Beason_Cr_Watershed.json	ble_12070101_LowerBrazosLittleBrazos
items/ebfe/45f154aaab432857c4f981d918ff1e12/CARNEY_CREEK.json	ble_11140101_Boisd_ArcIsland
items/ebfe/45f4f8e5f494f95a2c1015c922c8bcd9/UNT102_IN_GBRR.json	ble_11140101_Boisd_ArcIsland
items/ebfe/4611f94d32338cbd7c7889d0a0b923a5/UNT099_IN_ISLB.json	ble_11140101_Boisd_ArcIsland
items/ebfe/4624ab5c4f380880b0274ef3f42d621a/BIG_WILLOW_CR_TRIB_15.json	ble_12070101_LowerBrazosLittleBrazos
items/ebfe/462b5ba87b2f98671866f1505dcaa3cb/Boggy_Branch.json	ble_12070101_LowerBrazosLittleBrazos
items/ebfe/463777901e245b56c804c60f26de1de0/BARTON_BR_W_TRIB_4.json	ble_12070101_LowerBrazosLittleBrazos
items/ebfe/465400ed6aa26886353d64b84e8d2dd2/UNT_001_in_BDAR.json	ble_11140101_Boisd_ArcIsland
items/ebfe/468595d3f73cda56457cb7a885cbe28c/UNT_45_in_Beason_Cr_Watershed.json	ble_12070101_LowerBrazosLittleBrazos
items/ebfe/468651b2fbcdf87bf48808586435fc09/CLAYBANK_CR_TRIB_1_2.json	ble_12070101_LowerBrazosLittleBrazos
items/ebfe/469343a683bd292a74d90cba0ebc5b10/CLAYBANK_CR_TRIB_1.json	ble_12070101_LowerBrazosLittleBrazos
items/ebfe/4695e88cb833b645679961b74b501492/PECAN_BRANCH.json	ble_11140101_Boisd_ArcIsland
items/ebfe/469e85af5849e89942ab5a54b4d776af/UNT088_IN_ISLB.json	ble_11140101_Boisd_ArcIsland
items/ebfe/46c5f50d70b5123de24f0aeb17b3c032/UNT_140_in_Deer_Creek_Watershed.json	ble_12070101_LowerBrazosLittleBrazos
items/ebfe/46e85d1df9bf605d1bac51d157791a4a/BRUSHY_CREEK.json	ble_11140101_Boisd_ArcIsland
items/ebfe/471fecd5cda527ff43bcf9f811971e74/UNT_007_IN_TCRR.json	ble_11140101_Boisd_ArcIsland
items/ebfe/4748e3d258992cfaa9791d2523b765a0/STILLHOUSE_CREEK_TRIB_NO_22.json	ble_11140101_Boisd_ArcIsland
items/ebfe/47764f55f166782936f8ef73ae51af05/UNT_029_in_Deer_Creek_Watershed.json	ble_12070101_LowerBrazosLittleBrazos
items/ebfe/47cb297f1f58bea5366d6c367e7a244f/UNT_006_in_BCBC_Watershed.json	ble_12070101_LowerBrazosLittleBrazos
items/ebfe/47d768533f34af58287b4d2692cda590/UNT_010_in_Deer_Creek_Watershed.json	ble_12070101_LowerBrazosLittleBrazos
items/ebfe/47df96ab6be229e94fa4b88d57b1a0e2/SPRING_BRANCH.json	ble_11140101_Boisd_ArcIsland
items/ebfe/47ff1ac1c68b69791ff94251e7cc18f0/UNT_114_in_Old_River_Watershed.json	ble_12070101_LowerBrazosLittleBrazos
items/ebfe/4809ca9dd0a7aafcb44b41aefbbf6bec/POST_OAK_CREEK.json	ble_11140101_Boisd_ArcIsland
items/ebfe/483e31fb6e5f1f9dab2f1a2240d7d30f/UNT0118_IN_SCRR.json	ble_11140101_Boisd_ArcIsland
items/ebfe/48631b2efd1927d6e0ccf59eeee6ca09/UNT00277_IN_CHCR.json	ble_11140101_Boisd_ArcIsland
items/ebfe/489dbd23afb342cb4092451769fd4a6e/WEST_FORK_COTTONWOOD_CREEK.json	ble_11140101_Boisd_ArcIsland
items/ebfe/48d644ca549b2961977c3bc5dd7c1149/UNT_139_in_Old_River_Watershed.json	ble_12070101_LowerBrazosLittleBrazos
items/ebfe/490ebc58b9da0bc907400fd9ed1453b0/UNT057_IN_SNCR.json	ble_11140101_Boisd_ArcIsland
items/ebfe/490fce69a7d364bd54c2f073e1eef849/COPPERAS_CREEK.json	ble_12070101_LowerBrazosLittleBrazos
items/ebfe/49300cf8b919ed27a5104245a34e4106/UNT_146_in_Beason_Cr_Watershed.json	ble_12070101_LowerBrazosLittleBrazos
items/ebfe/49458b88e9ea1ad16ba9860d13fd5365/UNT_251_in_Deer_Creek_Watershed.json	ble_12070101_LowerBrazosLittleBrazos
items/ebfe/4987e95b7d7ce2072a41e5f5173af444/UNT_148_in_Old_River_Watershed.json	ble_12070101_LowerBrazosLittleBrazos
items/ebfe/4993f313c8bb6d2e1b59e9d0be09db20/UNT_159_IN_BDAR.json	ble_11140101_Boisd_ArcIsland
items/ebfe/4993fbae3a199a5ab37f06e499c70bab/UNT100_IN_GBRR.json	ble_11140101_Boisd_ArcIsland
items/ebfe/49b9469e307568c8b7fe1cb6b06fd834/UNT097_IN_GBRR.json	ble_11140101_Boisd_ArcIsland
items/ebfe/49ede020b10f51388b6ce4fe2f96267e/SANDY_CREEK.json	ble_11140101_Boisd_ArcIsland
items/ebfe/4a00eb4ad3b7dbb30b15f4393d1a58a8/LITTLE_BRAZOS_RIVER_TRIB_23_1.json	ble_12070101_LowerBrazosLittleBrazos
items/ebfe/4a0ecd1f9fec67e703ccf1571ca0ea89/BEE_BR_W_TRIB_10.json	ble_12070101_LowerBrazosLittleBrazos
items/ebfe/4a1b3710d943b9d28a84634fb3ad9e56/UNT068_IN_SNCR.json	ble_11140101_Boisd_ArcIsland
items/ebfe/4ab6379ad6cc5fc1595d6846235cc098/UNT047_IN_SNCR.json	ble_11140101_Boisd_ArcIsland
items/ebfe/4acade8934f513c2ac15efb07aaba558/LONG_BRANCH.json	ble_12070101_LowerBrazosLittleBrazos
items/ebfe/4b2337ecdefc203d36cd8868d13adce7/UNT_050_IN_TCRR.json	ble_11140101_Boisd_ArcIsland
items/ebfe/4b5d1fa85857145d5170668c2f3aacc6/UNT_044_in_Deer_Creek_Watershed.json	ble_12070101_LowerBrazosLittleBrazos
items/ebfe/4b6523bbf8a3f734b3d34d98e8ad03bf/UNT_161_IN_BDAR.json	ble_11140101_Boisd_ArcIsland
items/ebfe/4b6c5269fd6d2a5fe03564941879cac2/UNT036_IN_ISLB.json	ble_11140101_Boisd_ArcIsland
items/ebfe/4b79a24b02c5f786407c4703c8ab831a/UNT025_IN_GBRR.json	ble_11140101_Boisd_ArcIsland
items/ebfe/4b7abbcd6df61ebf4fd397332e860004/UNT561_IN_SNCR.json	ble_11140101_Boisd_ArcIsland
items/ebfe/4b9100608ecaba0c659d5ebdf5513219/UNT111_IN_SNCR.json	ble_11140101_Boisd_ArcIsland
items/ebfe/4b94744ee797c41f5f8e2fdffa5e00b6/SOUTH_WNC_TRIB_6.json	ble_12070101_LowerBrazosLittleBrazos
items/ebfe/4b9f0c4431912540dd6a157dcddce4a0/DAMN_BRANCH.json	ble_12070101_LowerBrazosLittleBrazos
items/ebfe/4bc814ec8b0de5084a6ce24684daa8b6/UNT_095_IN_TCRR.json	ble_11140101_Boisd_ArcIsland
items/ebfe/4bd90b648e74423023b429bfc1c589ff/UNT005_IN_PNCR.json	ble_11140101_Boisd_ArcIsland
items/ebfe/4be98dd4a9939eb70b15aa2903b5bdc8/UNT_120_in_Cedar_Creek_Watershed.json	ble_12070101_LowerBrazosLittleBrazos
items/ebfe/4bf3d0adf629d18b01738e023004635f/UNT_117_IN_TCRR.json	ble_11140101_Boisd_ArcIsland
items/ebfe/4bf801485f4c5e53c825e20da2e07422/UNT_032_in_Cedar_Creek_Watershed.json	ble_12070101_LowerBrazosLittleBrazos
items/ebfe/4c2f2b4e41a362e8eb58d4cbb492f27e/WHITE_CREEK.json	ble_12070101_LowerBrazosLittleBrazos
items/ebfe/4c58e346b0fbb33998128006afbdc7a3/SEVENMILE_CREEK.json	ble_11140101_Boisd_ArcIsland
items/ebfe/4c6a44f99ec3bf18dc45ed9569f05c9d/UNT_069_in_Cedar_Creek_Watershed.json	ble_12070101_LowerBrazosLittleBrazos
items/ebfe/4c7c0304686888a5d9c1f423ae0b0ad9/UNT_233_in_Old_River_Watershed.json	ble_12070101_LowerBrazosLittleBrazos
items/ebfe/4c7e1bab1082e71ee056d149f382b970/UNT_053_in_LBR_Watershed.json	ble_12070101_LowerBrazosLittleBrazos
items/ebfe/4c88f35abe1e7ea7a7024450dc58617b/UNT046_IN_CHCR.json	ble_11140101_Boisd_ArcIsland
items/ebfe/4cb126c08afd7f2b0a1bdecd061a4b17/DEAD_CREEK.json	ble_12070101_LowerBrazosLittleBrazos
items/ebfe/4cc473171e11f8a00498b2177f4c6902/UNT_060_in_PCW.json	ble_12070101_LowerBrazosLittleBrazos
items/ebfe/4ce559518a3755e322a95cf8e13fdab0/UNT_073_in_Cedar_Creek_Watershed.json	ble_12070101_LowerBrazosLittleBrazos
items/ebfe/4cf284941bb0e25bfd9b0bef6fd86dec/RALSTON_CREEK.json	ble_12070101_LowerBrazosLittleBrazos
items/ebfe/4d02ed1e3cdf3f0ca5d7ff07ecb87bbc/UNT_050_IN_BDAR.json	ble_11140101_Boisd_ArcIsland
items/ebfe/4d2e55e0a7d00f0d7673547421c158e9/UNT_003_IN_BDAR.json	ble_11140101_Boisd_ArcIsland
items/ebfe/4d3e2f45ee78916073e079aba5b7cf7c/UNT01026_IN_SCRR.json	ble_11140101_Boisd_ArcIsland
items/ebfe/4d64ccf1511d7d6406751a414f4c0e09/UNT001_IN_SNCR.json	ble_11140101_Boisd_ArcIsland
items/ebfe/4d6c003c899ae3970aeb2b21acab7cd0/UNT_122_IN_TCRR.json	ble_11140101_Boisd_ArcIsland
items/ebfe/4d7d85ecc62f033d544c8b81d03f174d/WILSON_CR_TRIB_1.json	ble_12070101_LowerBrazosLittleBrazos
items/ebfe/4d7e4603a101aa7f70f5299a81af424f/UNT_008_in_LBR_Watershed.json	ble_12070101_LowerBrazosLittleBrazos
items/ebfe/4d9bcf33864bd1ff7aa275ad03b24f20/UNT_060_IN_TCRR.json	ble_11140101_Boisd_ArcIsland
items/ebfe/4e0af53bdafe057d9fc792edbc01c379/UNT_119_in_Cedar_Creek_Watershed.json	ble_12070101_LowerBrazosLittleBrazos
items/ebfe/4e4cc40d08ea5429be947494967b2a9f/OLD_RIVER_TRIBUTARY_3.json	ble_12070101_LowerBrazosLittleBrazos
items/ebfe/4e61eb418fa73962fc1f6f5657045338/UNT_113_in_Cedar_Creek_Watershed.json	ble_12070101_LowerBrazosLittleBrazos
items/ebfe/4e942ba928514ed2ecf32d3467121dfe/UNT004_IN_PNCR.json	ble_11140101_Boisd_ArcIsland
items/ebfe/4e990b9985adb3820a90be26dda43675/UNT053_IN_GBRR.json	ble_11140101_Boisd_ArcIsland
items/ebfe/4e994f03358fb2396cc7e6d0a71114d9/HOPES_CREEK_TRIBUTARY_10.json	ble_12070101_LowerBrazosLittleBrazos
items/ebfe/4e9d4bddc257cec0b3d8345b4ec5d97c/SAND_CREEK.json	ble_11140101_Boisd_ArcIsland
items/ebfe/4e9f4450cb571f87997adbae7ae62607/RED_CUT.json	ble_12070101_LowerBrazosLittleBrazos
items/ebfe/4ea78c7daa45953389043347d2ba8205/INDIAN_CAMP_CREEK.json	ble_12070101_LowerBrazosLittleBrazos
items/ebfe/4eca5202bfff000831a45f35e73833b2/UNT145_IN_CHCR.json	ble_11140101_Boisd_ArcIsland
items/ebfe/4f00aeb4dc253c7abb562e5464aa2c7d/UNT_195_in_Deer_Creek_Watershed.json	ble_12070101_LowerBrazosLittleBrazos
items/ebfe/4f301b87d86407c5b920f34243bc03b8/UNT_024_in_New_Year_Cr_Watershed.json	ble_12070101_LowerBrazosLittleBrazos
items/ebfe/4f96fd8a6af8c1d388a6ea88c3570b15/UNT_048_in_Cedar_Creek_Watershed.json	ble_12070101_LowerBrazosLittleBrazos
items/ebfe/4fb48369ea79cd018a02fa589f38c9d6/UNT3011_IN_SNCR.json	ble_11140101_Boisd_ArcIsland
items/ebfe/4fbc3fbe833a8b6b434bdfb4ad8cac7d/UNT_170_in_Old_River_Watershed.json	ble_12070101_LowerBrazosLittleBrazos
items/ebfe/4fc237be6e0df6a065c286f9dc461464/FREEMAN_CREEK.json	ble_11140101_Boisd_ArcIsland
items/ebfe/4fd84d1cdbf885af0a1b1dc66602d3a9/UNT_163_in_New_Year_Cr_Watershed.json	ble_12070101_LowerBrazosLittleBrazos
items/ebfe/4fdf3555567ec3543bda45575f864947/UNT_169_in_Beason_Cr_Watershed.json	ble_12070101_LowerBrazosLittleBrazos
items/ebfe/50052873cfd8af64190751aa84c40f5a/UNT_402_IN_BDAR.json	ble_11140101_Boisd_ArcIsland
items/ebfe/500bcf85abf6d4e924bc680f083a7183/UNT_016_IN_TCRR.json	ble_11140101_Boisd_ArcIsland
items/ebfe/503e84cb33c8053d94e7b54370fee441/CHOCTAW_CREEK_TRIBUTARY_A.json	ble_11140101_Boisd_ArcIsland
items/ebfe/5053a9606d2ba933c552c67857eb9591/CAMPBELLS_CREEK_TRIB_8_1.json	ble_12070101_LowerBrazosLittleBrazos
items/ebfe/505b4c524a790e696a54914e77fc3bc3/WHITE_CREEK_TRIBUTARY_7.json	ble_12070101_LowerBrazosLittleBrazos
items/ebfe/507188895e299b7f6210ee153772b119/SOUTH_WNC_TRIB_12.json	ble_12070101_LowerBrazosLittleBrazos
items/ebfe/507a0688ae643be931f2bbe3320d4bb4/UNT0239_IN_SCRR.json	ble_11140101_Boisd_ArcIsland
items/ebfe/507d7795f7c3a955098611e7df84483d/UNT023_IN_CHCR.json	ble_11140101_Boisd_ArcIsland
items/ebfe/5098ece45461de6a36bf527d566c874d/UNT_054_IN_TCRR.json	ble_11140101_Boisd_ArcIsland
items/ebfe/50ac43ca943d3fc8eb64cddc5bec5e50/SOUTH_WNC_TRIB_23.json	ble_12070101_LowerBrazosLittleBrazos
items/ebfe/50bbe98bd6e736023059875394c92898/UNT062_IN_CHCR.json	ble_11140101_Boisd_ArcIsland
items/ebfe/51001d3e257eaaf8325a5a84aaae4682/UNT_199_in_Beason_Cr_Watershed.json	ble_12070101_LowerBrazosLittleBrazos
items/ebfe/5109535f64b950b124f835599bbb3cd1/UNT_49_in_Beason_Cr_Watershed.json	ble_12070101_LowerBrazosLittleBrazos
items/ebfe/510b2a3eb05d2a3fbc549a52a110206a/UNT_070_in_PCW.json	ble_12070101_LowerBrazosLittleBrazos
items/ebfe/5110f24bf873774f0d21d10962efa995/PIN_OAK_CREEK_SOUTH_TRIB_17.json	ble_12070101_LowerBrazosLittleBrazos
items/ebfe/51143e10fd914c5c00b1b854b2adde51/BEASON_CREEK.json	ble_12070101_LowerBrazosLittleBrazos
items/ebfe/5123059a02390e8facf1a1a628859a6e/UNT2669_IN_SNCR.json	ble_11140101_Boisd_ArcIsland
items/ebfe/51ad1e8894b0e6a50e85b54fcf29d382/UNT_62_in_Beason_Cr_Watershed.json	ble_12070101_LowerBrazosLittleBrazos
items/ebfe/51af17ea08607d30e372c3f59e7852fa/UNT00094_IN_CHCR.json	ble_11140101_Boisd_ArcIsland
items/ebfe/51dba10b012f36e5f71625415e4dfea5/Cottonwood_Branch_Tributary_7.json	ble_12070101_LowerBrazosLittleBrazos
items/ebfe/52115091e0dd3880f189fd7b511caeaa/UNT_021_in_Cedar_Creek_Watershed.json	ble_12070101_LowerBrazosLittleBrazos
items/ebfe/5215c1ebea134a009907ee806daff632/UNT014_IN_PNCR.json	ble_11140101_Boisd_ArcIsland
items/ebfe/521c0b7c01f449848b170b3c8b6f5fc2/UNT_110_IN_TCRR.json	ble_11140101_Boisd_ArcIsland
items/ebfe/52252d013e8d705541eb54b6dbd12e4a/SANDY_CREEK.json	ble_12070101_LowerBrazosLittleBrazos
items/ebfe/524259850f901f2e9148013a76c3bf0c/UNT_010_in_PCW.json	ble_12070101_LowerBrazosLittleBrazos
items/ebfe/5274957c16f61095cc37a23265129377/UNT_138_in_New_Year_Cr_Watershed.json	ble_12070101_LowerBrazosLittleBrazos
items/ebfe/52872378d419142509447a9f234362d5/UNT005_IN_ISLB.json	ble_11140101_Boisd_ArcIsland
items/ebfe/5288757ab1aaeaaa11890b7c1162a163/UNT043_IN_ISLB.json	ble_11140101_Boisd_ArcIsland
items/ebfe/52934d71ab8802145c2742090955f74a/UNT_038_in_Cedar_Creek_Watershed.json	ble_12070101_LowerBrazosLittleBrazos
items/ebfe/52b50be69bda6d405a9fc10e44d1c6d7/HOG_BRANCH.json	ble_12070101_LowerBrazosLittleBrazos
items/ebfe/52bd8f0c10e97ae144c0f816521013b8/UNT_081_in_New_Year_Cr_Watershed.json	ble_12070101_LowerBrazosLittleBrazos
items/ebfe/52ec8a2f91afad740de1992553c1dbee/SPRING_CREEK_TRIB_29.json	ble_12070101_LowerBrazosLittleBrazos
items/ebfe/53039060353028eb8f4ae4b8ed2bc278/UNT00930_IN_SCRR.json	ble_11140101_Boisd_ArcIsland
items/ebfe/530f62063a6466d3b4b3c107db4654c7/UNT_160_in_New_Year_Cr_Watershed.json	ble_12070101_LowerBrazosLittleBrazos
items/ebfe/53121e74994847825dd7cb74338e5b33/CAMPBELLS_CREEK_TRIB_17.json	ble_12070101_LowerBrazosLittleBrazos
items/ebfe/531662bb41ba6acbbb754bab6a28ee43/UNT_72_in_Beason_Cr_Watershed.json	ble_12070101_LowerBrazosLittleBrazos
items/ebfe/532bd01cbffe5e83349c3e751f80dbb6/Cactus_Branch.json	ble_12070101_LowerBrazosLittleBrazos
items/ebfe/539fbe0ad752e18b52c07960c1b3ed55/PIN_OAK_CREEK_SOUTH_TRIB_3.json	ble_12070101_LowerBrazosLittleBrazos
items/ebfe/53c0a9fe74d118c02f0bd184c193e712/KOONTZ_BAYOU_DRAIN.json	ble_12070101_LowerBrazosLittleBrazos
items/ebfe/53eb2533ea87330dfffcd2e581f8b8b5/UNT_064_in_PCW.json	ble_12070101_LowerBrazosLittleBrazos
items/ebfe/5414db713b53deb2075902388413856f/UNT_5_in_Beason_Cr_Watershed.json	ble_12070101_LowerBrazosLittleBrazos
items/ebfe/54163bd956dd83f02875d9830a1e4560/UNT_096_in_New_Year_Cr_Watershed.json	ble_12070101_LowerBrazosLittleBrazos
items/ebfe/54afe2d9dca3b52d101a39283652372c/WNC_TRIB_33_3.json	ble_12070101_LowerBrazosLittleBrazos
items/ebfe/54d8854eb05e2f15c1d65afd8c74c01c/UNT_025_in_BCBC_Watershed.json	ble_12070101_LowerBrazosLittleBrazos
items/ebfe/54ea863dc2b50cda86a54ab56cb11bf9/LOY_CREEK.json	ble_11140101_Boisd_ArcIsland
items/ebfe/5507dfe277bbdbb079dedf5f5830cd56/UNT_201_in_Old_River_Watershed.json	ble_12070101_LowerBrazosLittleBrazos
items/ebfe/551a403d1b80fc31709a5bd579f0890a/UNT_164_IN_BDAR.json	ble_11140101_Boisd_ArcIsland
items/ebfe/553b462da78ad4fc8e184ae89033ba32/UNT015_IN_GBRR.json	ble_11140101_Boisd_ArcIsland
items/ebfe/55553fac5a06e9199858a97faa5b04ff/LITTLE_MUD_CREEK_TRIB_4.json	ble_12070101_LowerBrazosLittleBrazos
items/ebfe/558477f286c6feba911ccd5b84d9916f/WEST_FORK_STILL_CREEK_TRIBUTARY.json	ble_12070101_LowerBrazosLittleBrazos
items/ebfe/55958e6fe810218fbd0e0ce57a1b110a/WALKER_CREEK_TRIB_4_2.json	ble_12070101_LowerBrazosLittleBrazos
items/ebfe/55a2b017cf340f1d9e12533961055570/Post_Oak_Creek.json	ble_12070101_LowerBrazosLittleBrazos
items/ebfe/55bf43d059c9dec3a4f87bc0f9a9393b/UNT028_IN_ISLB.json	ble_11140101_Boisd_ArcIsland
items/ebfe/55d5cd9dcade2d244d81a800bc3659c5/UNT028_IN_CHCR.json	ble_11140101_Boisd_ArcIsland
items/ebfe/55fba83a9016196628bec64aa654ecba/SANDY_CREEK_TRIB_5.json	ble_12070101_LowerBrazosLittleBrazos
items/ebfe/5600b7f96c32648dcdec715c0d8759fc/UNT_75_in_Beason_Cr_Watershed.json	ble_12070101_LowerBrazosLittleBrazos
items/ebfe/564aacfd730e3a0ccead7bd4ef49235d/UNT_105_IN_BDAR.json	ble_11140101_Boisd_ArcIsland
items/ebfe/56ce3cf4f1f2218e2567572b463f75da/UNT_048_in_PCW.json	ble_12070101_LowerBrazosLittleBrazos
items/ebfe/56ec40b82e63afae4b0347a1a1bfad59/UNT_202_in_Old_River_Watershed.json	ble_12070101_LowerBrazosLittleBrazos
items/ebfe/572a0fb3bd318dc33e7bd6a318966579/UNT_149_in_New_Year_Cr_Watershed.json	ble_12070101_LowerBrazosLittleBrazos
items/ebfe/5732198b80f2cfd7cd730b59e678b182/CADDO_CR.json	ble_12070101_LowerBrazosLittleBrazos
items/ebfe/57ab9aa3b612939220db27703427e012/UNT072_IN_PNCR.json	ble_11140101_Boisd_ArcIsland
items/ebfe/57b569f66b4e5d367bf72962648c204c/UNT088_IN_CHCR.json	ble_11140101_Boisd_ArcIsland
items/ebfe/584e6ea28cf595afe9556cc0748a2e9a/UNT016_IN_SNCR.json	ble_11140101_Boisd_ArcIsland
items/ebfe/5854d1d7fb8fb7e3efdca4da1a7a5a7a/UNT4434_IN_SNCR.json	ble_11140101_Boisd_ArcIsland
items/ebfe/587497b59d943ed5ff476ad3543a3dab/UNT022_IN_CHCR.json	ble_11140101_Boisd_ArcIsland
items/ebfe/5877cc7d7513d346d4bfa76347d56113/ALLIGATOR_CREEK_TRIBUTARY_10.json	ble_12070101_LowerBrazosLittleBrazos
items/ebfe/587c98f3dbbc171e126e17ab42561403/UNT_065_in_LBR_Watershed.json	ble_12070101_LowerBrazosLittleBrazos
items/ebfe/587d9a63fb1c2fd2b6990e48f86133c6/SPOONAMORE_CREEK.json	ble_11140101_Boisd_ArcIsland
items/ebfe/588bb1a858deedc79a9959b6b0f68fc1/UNT_218_in_Deer_Creek_Watershed.json	ble_12070101_LowerBrazosLittleBrazos
items/ebfe/588bc134e625341c77823d1753ae2cb0/UNT_318_in_Deer_Creek_Watershed.json	ble_12070101_LowerBrazosLittleBrazos
items/ebfe/5895d66d76adbf0cd9cd0a5327023add/ALLIGATOR_CREEK_TRIBUTARY_4_9.json	ble_12070101_LowerBrazosLittleBrazos
items/ebfe/58a185f516c7b5fc76582e3c53ac87f5/WALKER_CREEK_TRIB_2.json	ble_12070101_LowerBrazosLittleBrazos
items/ebfe/590b623736b9ba544dbe9fbe7d85ec65/UNT108_IN_CHCR.json	ble_11140101_Boisd_ArcIsland
items/ebfe/59398847696b1eac82fc467c3cfa5c57/UNT_207_in_Beason_Cr_Watershed.json	ble_12070101_LowerBrazosLittleBrazos
items/ebfe/5949124e0496b65c9fa32f70edf29ec7/UNT121_IN_ISLB.json	ble_11140101_Boisd_ArcIsland
items/ebfe/5952d36667f97eedd0e4d0eeb97a2f8e/ALLIGATOR_CREEK_TRIBUTARY_4_3.json	ble_12070101_LowerBrazosLittleBrazos
items/ebfe/595781a60334c0d208e32672713f1c05/UNT_003_in_New_Year_Cr_Watershed.json	ble_12070101_LowerBrazosLittleBrazos
items/ebfe/5970d402690c4c4f82a188f4632ad712/WHITE_CREEK_TRIBUTARY_15_1.json	ble_12070101_LowerBrazosLittleBrazos
items/ebfe/597e825664453bfba19191756197f0ba/BELL_BRANCH.json	ble_12070101_LowerBrazosLittleBrazos
items/ebfe/599c2c5e8d3ebf240cd730cd25d950ee/UNT_216_in_Old_River_Watershed.json	ble_12070101_LowerBrazosLittleBrazos
items/ebfe/59a9b5f9a789c2dbcffbebfd5796f10f/UNT_063_in_Cedar_Creek_Watershed.json	ble_12070101_LowerBrazosLittleBrazos
items/ebfe/59ae6624567996a0fc2bf6f680a696a5/UNT_088_in_New_Year_Cr_Watershed.json	ble_12070101_LowerBrazosLittleBrazos
items/ebfe/59ed257b0b5fc4884442ce3131c0706b/UNT_220_in_Old_River_Watershed.json	ble_12070101_LowerBrazosLittleBrazos
items/ebfe/5a055c54b8fc9d48fd45080caf8ec8f9/UNT01008_IN_SCRR.json	ble_11140101_Boisd_ArcIsland
items/ebfe/5a2ce7ba859f1f38dc392aa3569432ea/UNT_179_IN_BDAR.json	ble_11140101_Boisd_ArcIsland
items/ebfe/5a48ce820e0e82285f7d005c2c0a9100/NINEMILE_CREEK.json	ble_11140101_Boisd_ArcIsland
items/ebfe/5a619ac815a751a7bfdd5aff393d87d3/WHITE_CREEK_TRIBUTARY_6.json	ble_12070101_LowerBrazosLittleBrazos
items/ebfe/5aedbe0d878a6c542f8aa36221bc06e7/LITTLE_BRAZOS_RIVER_TRIB_5_4.json	ble_12070101_LowerBrazosLittleBrazos
items/ebfe/5af1b33e331568a0ea639654a5a721ab/UNT_084_in_Deer_Creek_Watershed.json	ble_12070101_LowerBrazosLittleBrazos
items/ebfe/5af364dc693e37ac716dddcc2aa50896/UNT_70_in_Beason_Cr_Watershed.json	ble_12070101_LowerBrazosLittleBrazos
items/ebfe/5af4df476df850e4e23c7028d1004cf4/SOUTH_FORK_OF_RALSTON_CREEK.json	ble_12070101_LowerBrazosLittleBrazos
items/ebfe/5b5929a4d1d8a0f98719586c83998e5e/UNT_040_IN_BDAR.json	ble_11140101_Boisd_ArcIsland
items/ebfe/5b62781a7d10a3a4339f817a84d3e656/UNT_197_in_Deer_Creek_Watershed.json	ble_12070101_LowerBrazosLittleBrazos
items/ebfe/5b82cee51820beb1ae0328bd729ebfc5/UNT_182_in_Beason_Cr_Watershed.json	ble_12070101_LowerBrazosLittleBrazos
items/ebfe/5b85b1b6ad6df52bb5b60b374e4f7112/UNT_44_in_Beason_Cr_Watershed.json	ble_12070101_LowerBrazosLittleBrazos
items/ebfe/5b9fb87ddf3a630f9855cec75ddcf3d4/UNT_073_in_PCW.json	ble_12070101_LowerBrazosLittleBrazos
items/ebfe/5bad2bf06784d36642aedca78e70600d/OLD_RIVER_TRIBUTARY_2.json	ble_12070101_LowerBrazosLittleBrazos
items/ebfe/5bb3791ffafdf90b4ab39f67b7b793c8/UNT0092_IN_SCRR.json	ble_11140101_Boisd_ArcIsland
items/ebfe/5bea4da1eb2c8efb9ae5c8dbcb0d04d9/UNT_006_in_Cedar_Creek_Watershed.json	ble_12070101_LowerBrazosLittleBrazos
items/ebfe/5bff68e9ac726b4b838ab3b8eb0c9299/UNT_016_in_BCBC_Watershed.json	ble_12070101_LowerBrazosLittleBrazos
items/ebfe/5c5a86222deb73344c43de4f85667222/WHITE_CREEK_TRIBUTARY_3.json	ble_12070101_LowerBrazosLittleBrazos
items/ebfe/5c6cfe5af564799a706f65a393dde837/UNT107_IN_CHCR.json	ble_11140101_Boisd_ArcIsland
items/ebfe/5c7d69c654093d536b0fb7ca5997075d/UNT_372_IN_BDAR.json	ble_11140101_Boisd_ArcIsland
items/ebfe/5ca7d1b065e754bae710880116485ed5/UNT068_IN_CHCR.json	ble_11140101_Boisd_ArcIsland
items/ebfe/5cafaf8287605aaa48c03cbdb3ca17f1/UNT043_IN_GBRR.json	ble_11140101_Boisd_ArcIsland
items/ebfe/5cba163e995592436afdcf21785e0982/UNT_080_in_New_Year_Cr_Watershed.json	ble_12070101_LowerBrazosLittleBrazos
items/ebfe/5ccc437dc933d88025c3d430a57c6b0b/KNOX_BRANCH.json	ble_12070101_LowerBrazosLittleBrazos
items/ebfe/5cdcf4724eb11ab098af0950d56d0abf/DRY_BR_TRIB_3.json	ble_12070101_LowerBrazosLittleBrazos
items/ebfe/5ceb04edaabac5e675814d10ca5633a9/WNC_TRIB_23_4.json	ble_12070101_LowerBrazosLittleBrazos
items/ebfe/5d09f6f9af49765bdfa90eb242a4b909/BIG_SANDY_CR_TRIB_6.json	ble_12070101_LowerBrazosLittleBrazos
items/ebfe/5d12dc5b78c7655bf8af366d6125524e/SANDY_CREEK_NORTH_TRIB_6.json	ble_12070101_LowerBrazosLittleBrazos
items/ebfe/5d32bb1188e959a4e0fa699ec11e027f/UNT067_IN_SNCR.json	ble_11140101_Boisd_ArcIsland
items/ebfe/5d33e494b206d0f7ef8066c5f7464fb4/REED_CREEK.json	ble_12070101_LowerBrazosLittleBrazos
items/ebfe/5d494a748d3dda00a96458203e891f6c/UNT_056_in_Cedar_Creek_Watershed.json	ble_12070101_LowerBrazosLittleBrazos
items/ebfe/5d64c5192c4a341778ec38afddd399d2/UNT_126_IN_TCRR.json	ble_11140101_Boisd_ArcIsland
items/ebfe/5d67549cc7e50e1959d34ff67f9aeee0/MINTER_BRANCH_TRIBUTARY_2.json	ble_12070101_LowerBrazosLittleBrazos
items/ebfe/5d78d5d092d1428ad1c4f83f802ba0ad/SANDY_CREEK.json	ble_11140101_Boisd_ArcIsland
items/ebfe/5d802b52ec52fecdc8025b730e86552a/LITTLE_CEDAR_CREEK.json	ble_12070101_LowerBrazosLittleBrazos
items/ebfe/5d8a369f5bebdfda76a1a71ed311cdfb/UNT_029_in_New_Year_Cr_Watershed.json	ble_12070101_LowerBrazosLittleBrazos
items/ebfe/5d9837d3f96a72970fa1895a7514fb9f/UNT_020_in_BCBC_Watershed.json	ble_12070101_LowerBrazosLittleBrazos
items/ebfe/5db2d93cab3a7bcc3b9b015f173c1d00/UNT022_IN_GBRR.json	ble_11140101_Boisd_ArcIsland
items/ebfe/5db6e9cfdcec309504e28a7bffed48b8/UNT_161_in_New_Year_Cr_Watershed.json	ble_12070101_LowerBrazosLittleBrazos
items/ebfe/5ddc6dafd2330c894ea6280992dcd62b/South_Fork_of_Cedar_Creek.json	ble_12070101_LowerBrazosLittleBrazos
items/ebfe/5de001bd9c899a94003d3d5cdd203751/UNT_167_in_Deer_Creek_Watershed.json	ble_12070101_LowerBrazosLittleBrazos
items/ebfe/5df68ce98f5b572d978f203710ef8f5f/UNT115_IN_CHCR.json	ble_11140101_Boisd_ArcIsland
items/ebfe/5dfbb973fb3ec84bc50e8a53c032d43f/UNT_092_in_BCBC_Watershed.json	ble_12070101_LowerBrazosLittleBrazos
items/ebfe/5e0193ac7190835b33447a8a9b8e5821/PEPPERCAMP_CREEK.json	ble_11140101_Boisd_ArcIsland
items/ebfe/5e2d0dff72e9c2277a5010d6f9a1de77/UNT013_IN_GBRR.json	ble_11140101_Boisd_ArcIsland
items/ebfe/5e40ef97ea2cf4e00371b5b4803a6cab/UNT_043_in_New_Year_Cr_Watershed.json	ble_12070101_LowerBrazosLittleBrazos
items/ebfe/5e4a7741657335d370038b3a719c8d6a/PIN_OAK_CREEK_SOUTH_TRIB_14.json	ble_12070101_LowerBrazosLittleBrazos
items/ebfe/5e64353bb3a0ec3dd3bc4a4c9b17b0cf/Bull_Hide_Creek.json	ble_12070101_LowerBrazosLittleBrazos
items/ebfe/5e8757e27df914579dbe774c9d1c227d/SPRING_CREEK_TRIB_11_1.json	ble_12070101_LowerBrazosLittleBrazos
items/ebfe/5ea65f6b990b6a6cbc14779990206658/UNT_116_in_Old_River_Watershed.json	ble_12070101_LowerBrazosLittleBrazos
items/ebfe/5eac4777e4fdd81a52e43ad580400871/WILLOW_CREEK.json	ble_12070101_LowerBrazosLittleBrazos
items/ebfe/5eb73b14b373a322ca6c0abff1564d56/UNT064_IN_CHCR.json	ble_11140101_Boisd_ArcIsland
items/ebfe/5ec0cc12fb232874b0656c5faeffbe9f/UNT074_IN_GBRR.json	ble_11140101_Boisd_ArcIsland
items/ebfe/5ec49c98c76af1c5f24f1922d9ba4dcf/UNT_156_IN_BDAR.json	ble_11140101_Boisd_ArcIsland
items/ebfe/5edb9bb9e28faa81ade113b2e748691c/UNT_054_in_Cedar_Creek_Watershed.json	ble_12070101_LowerBrazosLittleBrazos
items/ebfe/5ee8da92b932e4581036e7581e9c996e/LITTLE_MUD_CREEK_TRIB_12.json	ble_12070101_LowerBrazosLittleBrazos
items/ebfe/5ef7cbbc5d7d5b6da982c168bbc0c7a1/PIN_OAK_CREEK_SOUTH_TRIB_10.json	ble_12070101_LowerBrazosLittleBrazos
items/ebfe/5efbb988432ff37adaa49485674b1e85/MUD_CREEK_TRIB_4_1.json	ble_12070101_LowerBrazosLittleBrazos
items/ebfe/5f053356e0ed33d685738112d24b00ce/UNT068_IN_ISLB.json	ble_11140101_Boisd_ArcIsland
items/ebfe/5f4048289699d2497ead6dcb352e774b/UNT_122_in_Beason_Cr_Watershed.json	ble_12070101_LowerBrazosLittleBrazos
items/ebfe/5f4fc6de492bd82c6a694ebeef504935/UNT_222_IN_BDAR.json	ble_11140101_Boisd_ArcIsland
items/ebfe/5f6136d1f977e036141ccf7ae3301c6b/UNT026_IN_CHCR.json	ble_11140101_Boisd_ArcIsland
items/ebfe/5f71df9328d1d70865f76d41442f52bb/UNT051_IN_SNCR.json	ble_11140101_Boisd_ArcIsland
items/ebfe/5f76822baa91c1d1fbdabf1d88da48de/THOMPSONS_BRANCH_TRIBUTARY_9.json	ble_12070101_LowerBrazosLittleBrazos
items/ebfe/5f76aea679c14f759da4494dc3f413d3/UNT_106_in_Old_River_Watershed.json	ble_12070101_LowerBrazosLittleBrazos
items/ebfe/5fbc63f8c08b2dc714a9ea74928b207e/UNT091_IN_CHCR.json	ble_11140101_Boisd_ArcIsland
items/ebfe/5fc5000155e6ec72c3fd2da88a90c940/UNT_086_IN_BDAR.json	ble_11140101_Boisd_ArcIsland
items/ebfe/5fcda7caf940a7f363c9279a4c9449d6/UNT_150_in_Beason_Cr_Watershed.json	ble_12070101_LowerBrazosLittleBrazos
items/ebfe/600adfd9ca48dfa12fa20a8f38f9aad6/UNT_053_IN_TCRR.json	ble_11140101_Boisd_ArcIsland
items/ebfe/6018a29a70a08eafa7f828af2ea41944/WNC_TRIB_33_2.json	ble_12070101_LowerBrazosLittleBrazos
items/ebfe/6036ea135c361a0406357c663b8e9ea2/UNT_29_in_Beason_Cr_Watershed.json	ble_12070101_LowerBrazosLittleBrazos
items/ebfe/605b75ff20d7181aa3b1d06bdaaadeeb/UNT105_IN_GBRR.json	ble_11140101_Boisd_ArcIsland
items/ebfe/605f91a972dfece7fae73939a818a1ff/SOUTH_WNC_TRIB_8_1_1.json	ble_12070101_LowerBrazosLittleBrazos
items/ebfe/606a9d3ce19003f7886d6f84cb23dd26/UNT105_IN_ISLB.json	ble_11140101_Boisd_ArcIsland
items/ebfe/60815c68960cb2c8f5676d7489c569c8/POLECAT_CREEK.json	ble_12070101_LowerBrazosLittleBrazos
items/ebfe/60a1d3ecd6b8ab2f46eb44397c02b985/BUTLER_BAYOU.json	ble_12070101_LowerBrazosLittleBrazos
items/ebfe/60c76fe753c84f303c8fa122f4279004/PEACH_CREEK_TRIB_1.json	ble_12070101_LowerBrazosLittleBrazos
items/ebfe/60e5aae42345cf83a9a14bc951c92afd/UNT_011_in_BCBC_Watershed.json	ble_12070101_LowerBrazosLittleBrazos
items/ebfe/60ee9be3bd12ee59f68575f7fc5b7dc9/UNT_061_IN_TCRR.json	ble_11140101_Boisd_ArcIsland
items/ebfe/60f043821689fa845ec529a75a23bde2/LITTLE_BRAZOS_RIVER_TRIB_24.json	ble_12070101_LowerBrazosLittleBrazos
items/ebfe/613f70c4af636ab1146c6eef712d5f44/COLLINS_CREEK.json	ble_11140101_Boisd_ArcIsland
items/ebfe/6172117c5369d8437bff7acffc0e6b6a/UNT021_IN_GBRR.json	ble_11140101_Boisd_ArcIsland
items/ebfe/617a97013c1a4bfe441874c950a6d471/SPRING_BRANCH.json	ble_11140101_Boisd_ArcIsland
items/ebfe/618905254568f315f7d1804bf37ef55c/ALLIGATOR_CREEK_TRIBUTARY_2_1.json	ble_12070101_LowerBrazosLittleBrazos
items/ebfe/61e775b2f32a2de2e8fc8ed3c7958f53/UNT_67_in_Beason_Cr_Watershed.json	ble_12070101_LowerBrazosLittleBrazos
items/ebfe/61efe8362a71167dae297280782948f8/UNT_107_IN_BDAR.json	ble_11140101_Boisd_ArcIsland
items/ebfe/61fcedec667bf732fa9cc24b43e66569/UNT_081_in_Cedar_Creek_Watershed.json	ble_12070101_LowerBrazosLittleBrazos
items/ebfe/621d4af994eb46fcc363f05efafa1e3f/UNT036_IN_CHCR.json	ble_11140101_Boisd_ArcIsland
items/ebfe/626e20c0f98f7a4fcdd4ae6f0e4927fe/UNT_109_in_BCBC_Watershed.json	ble_12070101_LowerBrazosLittleBrazos
items/ebfe/626ff27da17ef7b816b4b4f78d608ce3/BRAZOS_RIVER_TRIBUTARY_24.json	ble_12070101_LowerBrazosLittleBrazos
items/ebfe/62e2e02b6ddc979b02cde5337c1db321/UNT_95_in_Beason_Cr_Watershed.json	ble_12070101_LowerBrazosLittleBrazos
items/ebfe/62ec6c33c46132f1020348572d6ec461/UNT00500_IN_CHCR.json	ble_11140101_Boisd_ArcIsland
items/ebfe/63041bb257d74f4ec9d9a4e50d806843/UNT_103_in_Old_River_Watershed.json	ble_12070101_LowerBrazosLittleBrazos
items/ebfe/6310dea7958d80c17f57908c9d000bcf/UNT_155_in_Old_River_Watershed.json	ble_12070101_LowerBrazosLittleBrazos
items/ebfe/6338712f923479e7375492843df8bd72/LITTLE_MUD_CREEK_EAST.json	ble_12070101_LowerBrazosLittleBrazos
items/ebfe/63744106bc3dc54048e75cefd088ddab/UNT_044_in_New_Year_Cr_Watershed.json	ble_12070101_LowerBrazosLittleBrazos
items/ebfe/63f610693e64b107573c66eda4e83641/UNT004_IN_SNCR.json	ble_11140101_Boisd_ArcIsland
items/ebfe/646685ed31a73261ad2b07471f4f8994/LITTLE_PIN_OAK_CREEK_TRIB_7.json	ble_12070101_LowerBrazosLittleBrazos
items/ebfe/64715c4329384262fb5a36db74a4a918/LEWIS_CREEK.json	ble_12070101_LowerBrazosLittleBrazos
items/ebfe/647ba298311a7b64c1fe965b56aaae56/UNT_013_in_Cedar_Creek_Watershed.json	ble_12070101_LowerBrazosLittleBrazos
items/ebfe/64853fe38793df094cdb8934b74056d1/UNT124_IN_CHCR.json	ble_11140101_Boisd_ArcIsland
items/ebfe/6497fa914ff91ac924816605abf7b55e/SMITH_CREEK_TRIBUTARY_NO_15.json	ble_11140101_Boisd_ArcIsland
items/ebfe/64c44663807aa010b21c2690b43d205a/UNT_175_in_Old_River_Watershed.json	ble_12070101_LowerBrazosLittleBrazos
items/ebfe/64d940afb940867c60407c09bba1a9e2/Deer_Creek.json	ble_12070101_LowerBrazosLittleBrazos
items/ebfe/64e5b764024145f3cb0763a3602b4725/UNT_052_in_Cedar_Creek_Watershed.json	ble_12070101_LowerBrazosLittleBrazos
items/ebfe/65082860e5e64e58dfe56fd72c7f6e37/UNT_060_in_Deer_Creek_Watershed.json	ble_12070101_LowerBrazosLittleBrazos
items/ebfe/650cfc438e23646ce71af85b01060895/CHAIR_BRANCH_TRIBUTARY_10.json	ble_12070101_LowerBrazosLittleBrazos
items/ebfe/6510cf960ef9960b75096ee031f364c1/UNT0116_IN_SCRR.json	ble_11140101_Boisd_ArcIsland
items/ebfe/65173b1f5d49643978347f4d037ad3c0/UNT_061_in_Cedar_Creek_Watershed.json	ble_12070101_LowerBrazosLittleBrazos
items/ebfe/6521b5f895ed1917854896bb05b6a24e/UNT_001_in_BCBC_Watershed.json	ble_12070101_LowerBrazosLittleBrazos
items/ebfe/652a861888f50257c60f0be348b46c9e/UNT_113_in_New_Year_Cr_Watershed.json	ble_12070101_LowerBrazosLittleBrazos
items/ebfe/653552950f4bfe773d2b1f5fea01799a/UNT_106_IN_TCRR.json	ble_11140101_Boisd_ArcIsland
items/ebfe/653ad084cecf199fa2f32bde94cd4d24/UNT_219_in_Deer_Creek_Watershed.json	ble_12070101_LowerBrazosLittleBrazos
items/ebfe/653adf8ffd1ee0a48ef191085d8f840b/SOUTH_FORK_OF_TURKEY_CREEK.json	ble_12070101_LowerBrazosLittleBrazos
items/ebfe/6540a7c007aa6dbe6a8b38f010682ecf/UNT067_IN_PNCR.json	ble_11140101_Boisd_ArcIsland
items/ebfe/65528c7ac9389b660830397e3fad9b10/UNT_138_in_Beason_Cr_Watershed.json	ble_12070101_LowerBrazosLittleBrazos
items/ebfe/6553183164e70edece13f282e18a8899/UNT_212_IN_BDAR.json	ble_11140101_Boisd_ArcIsland
items/ebfe/655713399715dc68f38933adde5c6e1d/TIMBER_CREEK.json	ble_11140101_Boisd_ArcIsland
items/ebfe/6562ee32f4833cfa650c48db86a14240/UNT024_IN_GBRR.json	ble_11140101_Boisd_ArcIsland
items/ebfe/657002ebfb611d574050897fe678b09b/657452ff1e89d78a63fa5d68f4864aa1/MUD_CREEK_TRIB_7_1.json	ble_12070101_LowerBrazosLittleBrazos
items/ebfe/65736ddbe432e2f2fad731da906490e2/SIXMILE_CREEK.json	ble_11140101_Boisd_ArcIsland
items/ebfe/657452ff1e89d78a63fa5d68f4864aa1/MUD_CREEK_TRIB_7_1.json	ble_12070101_LowerBrazosLittleBrazos
items/ebfe/6598638275f3c877ac34b94598d2ff9f/UNT_210_in_Old_River_Watershed.json	ble_12070101_LowerBrazosLittleBrazos
items/ebfe/65ab14d86c0b1b83c74fe43d53e1ee58/UNT146_IN_CHCR.json	ble_11140101_Boisd_ArcIsland
items/ebfe/65b0d702138876006c07afc5715aa703/UNT0098_IN_SCRR.json	ble_11140101_Boisd_ArcIsland
items/ebfe/65c3ed5b7de3aab5f3f01e4710a1984f/UNT_084_in_BCBC_Watershed.json	ble_12070101_LowerBrazosLittleBrazos
items/ebfe/661e8a643e009bf2eaf0f783a8258152/LITTLE_MUD_CREEK_TRIB_4_2.json	ble_12070101_LowerBrazosLittleBrazos
items/ebfe/662b75f45063a9cb8877d0f52a6c854a/MUD_CREEK_TRIB_7_4.json	ble_12070101_LowerBrazosLittleBrazos
items/ebfe/666594e61dc634cc5d39a1bbdd8d76c8/HICKS_CREEK.json	ble_11140101_Boisd_ArcIsland
items/ebfe/66721e4d5e790ee4f38eab42d0da9d4a/UNT_352_in_Deer_Creek_Watershed.json	ble_12070101_LowerBrazosLittleBrazos
items/ebfe/66966d7a7b94867d34252983e989c48f/MAXEY_CREEK.json	ble_11140101_Boisd_ArcIsland
items/ebfe/66a62a5814b6c539bc3e125f272a743f/PIN_OAK_CREEK_SOUTH_TRIB_11.json	ble_12070101_LowerBrazosLittleBrazos
items/ebfe/66ae588547245e5f67d52a88c0e494e9/COLES_CREEK.json	ble_12070101_LowerBrazosLittleBrazos
items/ebfe/66ed6cd1628d391a4caa783fd8824b8e/UNT_040_in_BCBC_Watershed.json	ble_12070101_LowerBrazosLittleBrazos
items/ebfe/6712032c54bd1947e57c048bd0d163d0/UNT042_IN_SNCR.json	ble_11140101_Boisd_ArcIsland
items/ebfe/671c3d4c481769a76c9a6a4eddfa882d/UNT_053_in_New_Year_Cr_Watershed.json	ble_12070101_LowerBrazosLittleBrazos
items/ebfe/672e5132856e1cea51299bd6b0542d8c/UNT_033_IN_BDAR.json	ble_11140101_Boisd_ArcIsland
items/ebfe/6739a14071177b093e426423fad8f2d6/DEAD_MAN_BRANCH.json	ble_11140101_Boisd_ArcIsland
items/ebfe/674d1eb527a683398853012876dac91e/UNT_016_in_LBR_Watershed.json	ble_12070101_LowerBrazosLittleBrazos
items/ebfe/6750bb9e90c612ba23b9bf6f3b521b52/UNT116_IN_ISLB.json	ble_11140101_Boisd_ArcIsland
items/ebfe/6775e70183fcb05f86d800ee02d5a41e/UNT_100_in_Cedar_Creek_Watershed.json	ble_12070101_LowerBrazosLittleBrazos
items/ebfe/6794245b584bed923bff05615cfc669a/UNT_117_in_Cedar_Creek_Watershed.json	ble_12070101_LowerBrazosLittleBrazos
items/ebfe/67b3d4ac0bcbd091710e55def32b422f/UNT_165_IN_BDAR.json	ble_11140101_Boisd_ArcIsland
items/ebfe/67da87c0ed50a17bd8090552a737a7f6/Keys_Creek.json	ble_12070101_LowerBrazosLittleBrazos
items/ebfe/680334a64c62db851371a1981e409fcc/UNT_014_in_New_Year_Cr_Watershed.json	ble_12070101_LowerBrazosLittleBrazos
items/ebfe/6813c06f5408f8aa8cabd61cfd5db72d/UNT_059_in_Cedar_Creek_Watershed.json	ble_12070101_LowerBrazosLittleBrazos
items/ebfe/682111c397f60ba62fe18966bd0d4f06/SALT_BRANCH.json	ble_12070101_LowerBrazosLittleBrazos
items/ebfe/683a8434c0af42f5305f4a51cf581182/UNT230_IN_SNCR.json	ble_11140101_Boisd_ArcIsland
items/ebfe/686f412176ef4c189fde32c09bb18bc0/UNT_109_in_Beason_Cr_Watershed.json	ble_12070101_LowerBrazosLittleBrazos
items/ebfe/687fcab3de455a3272f4c1f56e56b1a0/UNT077_IN_PNCR.json	ble_11140101_Boisd_ArcIsland
items/ebfe/68a5dec4337e9170cbbc5bb05cd3bf97/Long_Branch_Cotton_Wood_Creek.json	ble_12070101_LowerBrazosLittleBrazos
items/ebfe/68a74d6cbbf8f43f58081eb5ee813d12/UNT_127_in_Beason_Cr_Watershed.json	ble_12070101_LowerBrazosLittleBrazos
items/ebfe/68afa6f3e081b74b9062186e9b9eba45/UNT_205_in_Deer_Creek_Watershed.json	ble_12070101_LowerBrazosLittleBrazos
items/ebfe/6914d108cb66e549a9628b23a2c1e044/CHAIR_BRANCH_TRIBUTARY_1.json	ble_12070101_LowerBrazosLittleBrazos
items/ebfe/691ed63257b15e4dfc48056e4b7a080b/UNT_86_in_Beason_Cr_Watershed.json	ble_12070101_LowerBrazosLittleBrazos
items/ebfe/692e3cf767bd13e1649247eb95632b03/CARRINGTON_CREEK.json	ble_12070101_LowerBrazosLittleBrazos
items/ebfe/69933f106d49e495f189b55bca338516/NEW_YEAR_CREEK.json	ble_12070101_LowerBrazosLittleBrazos
items/ebfe/69a082909f4235c46478f22e656042f1/UNT_064_in_LBR_Watershed.json	ble_12070101_LowerBrazosLittleBrazos
items/ebfe/69a45a0fc64449b2088205eefb7eb97a/UNT_178_in_Deer_Creek_Watershed.json	ble_12070101_LowerBrazosLittleBrazos
items/ebfe/69ae9be47b8b2267ed28611ea20a3891/UNT_135_in_New_Year_Cr_Watershed.json	ble_12070101_LowerBrazosLittleBrazos
items/ebfe/69d6a9703d2c4cdb7a7793572a86e665/UNT089_IN_PNCR.json	ble_11140101_Boisd_ArcIsland
items/ebfe/69ef79a26f4c7ff115b6fede8a959f48/UNT00842_IN_SCRR.json	ble_11140101_Boisd_ArcIsland
items/ebfe/69f638da2fca923b515e4e8b7fd663d1/HOLT_CREEK.json	ble_11140101_Boisd_ArcIsland
items/ebfe/6a046157bbeb784986de2cb333de06f3/SPRING_CREEK_TRIB_15.json	ble_12070101_LowerBrazosLittleBrazos
items/ebfe/6a288c15953495f1b63dd3677db48143/UNT_98_in_Beason_Cr_Watershed.json	ble_12070101_LowerBrazosLittleBrazos
items/ebfe/6a4022cc68627c63943bbe604ea1759f/HUTCHINS_CREEK.json	ble_11140101_Boisd_ArcIsland
items/ebfe/6a441527b0b7fb5554a39eb3c939ff7a/Cow_Bayou.json	ble_12070101_LowerBrazosLittleBrazos
items/ebfe/6a45ea47989ed1ff3327f239cebb50af/UNT_60_in_Beason_Cr_Watershed.json	ble_12070101_LowerBrazosLittleBrazos
items/ebfe/6a5f8b38d99fd90c982e2519e0c0cd94/UNT012_IN_GBRR.json	ble_11140101_Boisd_ArcIsland
items/ebfe/6aaccb61c3910ee0b8cb5d07441b512f/UNT_160_in_Old_River_Watershed.json	ble_12070101_LowerBrazosLittleBrazos
items/ebfe/6abd8d5c707113ed4dca8fe80676e60b/UNT_209_in_Deer_Creek_Watershed.json	ble_12070101_LowerBrazosLittleBrazos
items/ebfe/6ac070273dc29e396f9ef2ff943cca8e/LBR_TRIB_39_1.json	ble_12070101_LowerBrazosLittleBrazos
items/ebfe/6ad92099b530e8f33130ed944beac27f/UNT090_IN_GBRR.json	ble_11140101_Boisd_ArcIsland
items/ebfe/6afa7fe4445d57c2cdc63a48f018ae17/UNT_063_IN_BDAR.json	ble_11140101_Boisd_ArcIsland
items/ebfe/6b4cb3366e8d9f64c15710203b544e5f/UNT_095_IN_BDAR.json	ble_11140101_Boisd_ArcIsland
items/ebfe/6b5562ae955d07ed4316967d6ec7d1dc/Little_Deer_Creek.json	ble_12070101_LowerBrazosLittleBrazos
items/ebfe/6b6d53920295fa6aa8b39435c10a5a88/UNT_156_in_Old_River_Watershed.json	ble_12070101_LowerBrazosLittleBrazos
items/ebfe/6b753911058412f145547a21d4feeadd/UNT0117_IN_SCRR.json	ble_11140101_Boisd_ArcIsland
items/ebfe/6b9089513e8e6af4d228b7713a6ff354/UNT00947_IN_SCRR.json	ble_11140101_Boisd_ArcIsland
items/ebfe/6b97297c86f579802e2d6809b0f4a650/WHITE_CREEK_TRIBUTARY_2_1.json	ble_12070101_LowerBrazosLittleBrazos
items/ebfe/6ba1d6ea64fae175178b25344849323b/UNT_190_in_Beason_Cr_Watershed.json	ble_12070101_LowerBrazosLittleBrazos
items/ebfe/6bbb60f2e8666404f084315f54072c98/UNT_014_in_Cedar_Creek_Watershed.json	ble_12070101_LowerBrazosLittleBrazos
items/ebfe/6bbf6cd79a8f9b7e2805592d7bfd195a/UNT_031_in_Old_River_Watershed.json	ble_12070101_LowerBrazosLittleBrazos
items/ebfe/6bc7565d704742ef9f7aa3bf545d3b91/UNT_82_in_Beason_Cr_Watershed.json	ble_12070101_LowerBrazosLittleBrazos
items/ebfe/6c2b2e3e19384421c374165642bb8220/UNT_074_in_New_Year_Cr_Watershed.json	ble_12070101_LowerBrazosLittleBrazos
items/ebfe/6c30de8e988b5a26670bd48a1b1c083f/PIN_OAK_CREEK_SOUTH_TRIB_12.json	ble_12070101_LowerBrazosLittleBrazos
items/ebfe/6c89ba9dedf97d195677d63b176b29fc/SOUTH_WNC_TRIB_5_1.json	ble_12070101_LowerBrazosLittleBrazos
items/ebfe/6c8c23d98c5edf4951256de93dbed4cf/UNT_103_in_Deer_Creek_Watershed.json	ble_12070101_LowerBrazosLittleBrazos
items/ebfe/6cd1a66b821bd069c298e8a77031225b/Dog_Branch.json	ble_12070101_LowerBrazosLittleBrazos
items/ebfe/6cf08cc1290856eaac677a4311ddf075/BURLESON_BRANCH.json	ble_12070101_LowerBrazosLittleBrazos
items/ebfe/6d46d8534d2a98e7ecaae60ab656b465/GOODWATER_CREEK.json	ble_11140101_Boisd_ArcIsland
items/ebfe/6d50ce8d88d558cdf99f9ce648479b50/UNT_129_in_Beason_Cr_Watershed.json	ble_12070101_LowerBrazosLittleBrazos
items/ebfe/6d70377c8c64606ab4d9643b4598af3b/UNT_098_in_Deer_Creek_Watershed.json	ble_12070101_LowerBrazosLittleBrazos
items/ebfe/6d790ed0c39cf9f041ae83aa329bb2cb/Tributary_to_Bull_Hide_Creek.json	ble_12070101_LowerBrazosLittleBrazos
items/ebfe/6d7f72ce693ec32e5bdbd9461df64b5b/SPRING_CREEK.json	ble_12070101_LowerBrazosLittleBrazos
items/ebfe/6d81e7d09d769c12763f6f2d495a2477/PEACH_CREEK.json	ble_12070101_LowerBrazosLittleBrazos
items/ebfe/6d9e825cad0ef651142bb7bf99f2a541/UNT_055_in_Deer_Creek_Watershed.json	ble_12070101_LowerBrazosLittleBrazos
items/ebfe/6db23ecb4bdb64f4e86ddc0570ee8fe5/ROCKY_CREEK_1.json	ble_12070101_LowerBrazosLittleBrazos
items/ebfe/6db33ed5d5651546612e6028f6ad6ebe/UNT_005_IN_TCRR.json	ble_11140101_Boisd_ArcIsland
items/ebfe/6dff15f86b0e0dbb765ac8f4fac87a43/CHAIR_BRANCH_TRIBUTARY_2.json	ble_12070101_LowerBrazosLittleBrazos
items/ebfe/6e39ff7b645a0412f6ccbbe135469f7f/UNT_128_in_Deer_Creek_Watershed.json	ble_12070101_LowerBrazosLittleBrazos
items/ebfe/6e8d62a0e8f453254cd78b6e52e18a16/UNT069_IN_CHCR.json	ble_11140101_Boisd_ArcIsland
items/ebfe/6eb23337ce5f136a74cbe01fb953399f/SEWELL_BRANCH.json	ble_12070101_LowerBrazosLittleBrazos
items/ebfe/6ec8d38339da59312f4cbe82e35bf7a0/UNT059_IN_PNCR.json	ble_11140101_Boisd_ArcIsland
items/ebfe/6ee33a457215e084c75700975db23e4d/UNT2299_IN_SNCR.json	ble_11140101_Boisd_ArcIsland
items/ebfe/6f046a1d64092ef35833fca88f1424ec/UNT_137_IN_BDAR.json	ble_11140101_Boisd_ArcIsland
items/ebfe/6f0efbb050b3eff2cf83fb41e5d2b2d9/UNT_66_in_Beason_Cr_Watershed.json	ble_12070101_LowerBrazosLittleBrazos
items/ebfe/6f2299d72f0f4b78394068f2b886ad1c/LOST_CREEK_TRIB_3.json	ble_12070101_LowerBrazosLittleBrazos
items/ebfe/6f8efec430ec3478777aa44e5ef9302d/WARD_CREEK.json	ble_11140101_Boisd_ArcIsland
items/ebfe/6faff1779563115d3453de07ad011446/UNT_232_in_Deer_Creek_Watershed.json	ble_12070101_LowerBrazosLittleBrazos
items/ebfe/6fe5a8e638d47ec702852ed9ff3e1058/UNT_089_in_Old_River_Watershed.json	ble_12070101_LowerBrazosLittleBrazos
items/ebfe/6fee46dd43a4faaa4352fb125d77e25f/UNT063_IN_CHCR.json	ble_11140101_Boisd_ArcIsland
items/ebfe/6ff80614b502499985ec7b8971437146/PETTIGREW_BRANCH.json	ble_11140101_Boisd_ArcIsland
items/ebfe/70254d33e9a484d6e5ac6a44706070ac/UNT_098_in_Cedar_Creek_Watershed.json	ble_12070101_LowerBrazosLittleBrazos
items/ebfe/705173f9362e800a487d20e480cce61b/BARTON_BR_E.json	ble_12070101_LowerBrazosLittleBrazos
items/ebfe/705f2a2c69a84f4a94b6ba4e52792d94/UNT_015_in_BCBC_Watershed.json	ble_12070101_LowerBrazosLittleBrazos
items/ebfe/707d3644770278afde6c50446b2363a3/UNT_240_in_Old_River_Watershed.json	ble_12070101_LowerBrazosLittleBrazos
items/ebfe/707fcc1cd93a16ffd713e2d8054c4d76/UNT050_IN_ISLB.json	ble_11140101_Boisd_ArcIsland
items/ebfe/70b5833177952dba83e51097d8a38956/UNT_012_in_New_Year_Cr_Watershed.json	ble_12070101_LowerBrazosLittleBrazos
items/ebfe/70be0b51e4ecdf5c0a5d4f875786b20c/JACK_BRANCH.json	ble_11140101_Boisd_ArcIsland
items/ebfe/70ee228324829a34bc9d9d4b257e1324/UNT_010_IN_TCRR.json	ble_11140101_Boisd_ArcIsland
items/ebfe/70efb88e08177ef77be1a43bb0f8b95e/UNT_271_in_Deer_Creek_Watershed.json	ble_12070101_LowerBrazosLittleBrazos
items/ebfe/7104768cd4a86db15395371b1a43042f/UNT_104_IN_BDAR.json	ble_11140101_Boisd_ArcIsland
items/ebfe/710b310d4dfbe40edcf5b2a8484790ef/WNC_TRIB_14.json	ble_12070101_LowerBrazosLittleBrazos
items/ebfe/71144ba482ed274e3795d9b6a22552b9/Brazos_River.json	ble_12070101_LowerBrazosLittleBrazos
items/ebfe/7118f9ad8bfd9b1bc02c11423e7091bf/UNT089_IN_CHCR.json	ble_11140101_Boisd_ArcIsland
items/ebfe/711e896b9e60af9b75f26cce38531b7b/TURKEY_CREEK_TRIBUTARY_11.json	ble_12070101_LowerBrazosLittleBrazos
items/ebfe/716c8cbffa2999e11c2dcbdeb90086ec/SANDY_CREEK_TRIB_4.json	ble_12070101_LowerBrazosLittleBrazos
items/ebfe/71766bb495ad44841cb934fb10fc3019/BEE_BR_W_TRIB_7.json	ble_12070101_LowerBrazosLittleBrazos
items/ebfe/718f256a0e6885e437d4b0f2465f862b/WOODWARD_CREEK.json	ble_12070101_LowerBrazosLittleBrazos
items/ebfe/71d5445933335d09fc0394ad42ab3965/UNT_088_IN_TCRR.json	ble_11140101_Boisd_ArcIsland
items/ebfe/71ea491d03d730b529adc84367d21827/UNT011_IN_CHCR.json	ble_11140101_Boisd_ArcIsland
items/ebfe/7221d88c5ead405c779ba366be6ff4b9/DUNN_CREEK_TRIB_4.json	ble_12070101_LowerBrazosLittleBrazos
items/ebfe/72321980610e801cbf20d2c75b7babee/UNT_108_IN_BDAR.json	ble_11140101_Boisd_ArcIsland
items/ebfe/72348e865d24748d981bbe5eec063a24/UNT_030_in_PCW.json	ble_12070101_LowerBrazosLittleBrazos
items/ebfe/723f5775f677d244d5cc1ca254fbaafd/UNT_123_in_Cedar_Creek_Watershed.json	ble_12070101_LowerBrazosLittleBrazos
items/ebfe/72401c657873ce9731fa12b5a6578075/GORDON_CREEK.json	ble_11140101_Boisd_ArcIsland
items/ebfe/725d5517c9e3d2b33b93c53d7280e33b/UNT_191_in_Old_River_Watershed.json	ble_12070101_LowerBrazosLittleBrazos
items/ebfe/727404e0a528202416511b61e9a05771/SOUR_BRANCH.json	ble_12070101_LowerBrazosLittleBrazos
items/ebfe/727d799c2578d46439c6294adfab0aa1/UNT_002_in_New_Year_Cr_Watershed.json	ble_12070101_LowerBrazosLittleBrazos
items/ebfe/728675f6c9a27e6030cad5124688d30d/SMITH_CREEK.json	ble_11140101_Boisd_ArcIsland
items/ebfe/7293db1f3aee7a51490a02999b951271/UNT_17_in_Beason_Cr_Watershed.json	ble_12070101_LowerBrazosLittleBrazos
items/ebfe/729f90c2701ac615bc32ea851672f429/SOUTH_WNC_TRIB_11.json	ble_12070101_LowerBrazosLittleBrazos
items/ebfe/72a58a0c7e495f23aa1455ca308060b9/UNT074_IN_ISLB.json	ble_11140101_Boisd_ArcIsland
items/ebfe/72c2d8034684311572fd95d9fb7bb80d/UNT_041_in_Cedar_Creek_Watershed.json	ble_12070101_LowerBrazosLittleBrazos
items/ebfe/72c320f872851434d2f4c41ceec351b2/UNT_130_in_New_Year_Cr_Watershed.json	ble_12070101_LowerBrazosLittleBrazos
items/ebfe/72cd493a85323bb1cc7f8e24f5fdf038/UNT_156_in_New_Year_Cr_Watershed.json	ble_12070101_LowerBrazosLittleBrazos
items/ebfe/72e0457c9e892b3880d094f6e376a47f/UNT_028_IN_BDAR.json	ble_11140101_Boisd_ArcIsland
items/ebfe/72e5f52fe99deeb7358fab4de6d4c224/LITTLE_PIN_OAK_CREEK_TRIB_13.json	ble_12070101_LowerBrazosLittleBrazos
items/ebfe/7303e9a8121060d2834d4c3666206d21/THREEMILE_CREEK_TRIB_2.json	ble_12070101_LowerBrazosLittleBrazos
items/ebfe/732f68fc46e83d5baa0237ddedda83b1/UNT_051_in_New_Year_Cr_Watershed.json	ble_12070101_LowerBrazosLittleBrazos
items/ebfe/735ac873d10a9afc9a32b45b637f282b/COTTONWOOD_CREEK.json	ble_12070101_LowerBrazosLittleBrazos
items/ebfe/7361b2ce76a1d3fb498cce35f8d510d0/UNT067_IN_CHCR.json	ble_11140101_Boisd_ArcIsland
items/ebfe/7375336ee98084abc9c3eabdad98f6d7/LITTLE_BRAZOS_RIVER_TRIB_28.json	ble_12070101_LowerBrazosLittleBrazos
items/ebfe/7375fb427adc57e3ba1669381b755766/UNT_150_in_New_Year_Cr_Watershed.json	ble_12070101_LowerBrazosLittleBrazos
items/ebfe/739db3662fc9d7374480fcca11e7b8f6/UNT054_IN_PNCR.json	ble_11140101_Boisd_ArcIsland
items/ebfe/73adf725655770459dff9aeaf42369f1/UNT_303_IN_BDAR.json	ble_11140101_Boisd_ArcIsland
items/ebfe/73b89fd7c61706bd63260e5588d663fc/UNT_096_IN_BDAR.json	ble_11140101_Boisd_ArcIsland
items/ebfe/7409b54419e0c88c3db39c05e913f565/UNT01027_IN_SCRR.json	ble_11140101_Boisd_ArcIsland
items/ebfe/740d0bc26393785b57a513429c8746af/UNT_049_in_BCBC_Watershed.json	ble_12070101_LowerBrazosLittleBrazos
items/ebfe/741ec9a33fe7d02fba3ab0767e31979b/ALLIGATOR_CREEK_TRIBUTARY_4.json	ble_12070101_LowerBrazosLittleBrazos
items/ebfe/742ec42e9f23c41101095a9c01ad525d/ALLIGATOR_CREEK_TRIBUTARY_3.json	ble_12070101_LowerBrazosLittleBrazos
items/ebfe/74338ef03530856899ed2d7c709ea609/UNT_374_IN_BDAR.json	ble_11140101_Boisd_ArcIsland
items/ebfe/7434aa3a83fe860211da479c38ea9677/UNT_111_in_Beason_Cr_Watershed.json	ble_12070101_LowerBrazosLittleBrazos
items/ebfe/746b77a0ab5d9a966b16f9576a47a9b6/STREAM_B.json	ble_11140101_Boisd_ArcIsland
items/ebfe/74aee43783b2c70b7017be4fa7d2598a/UNT_111_in_Cedar_Creek_Watershed.json	ble_12070101_LowerBrazosLittleBrazos
items/ebfe/74bca431e93f82f32a753eb4d1139c64/UNT041_IN_ISLB.json	ble_11140101_Boisd_ArcIsland
items/ebfe/74cd302a00abe3d444f417f0064266a2/UNT_162_in_New_Year_Cr_Watershed.json	ble_12070101_LowerBrazosLittleBrazos
items/ebfe/74d89d4438597e931274bb2dd1ddf9a8/LITTLE_BRAZOS_RIVER.json	ble_12070101_LowerBrazosLittleBrazos
items/ebfe/7554e5c3fd74f2dcff43bfb0ecb27759/UNT_181_in_Deer_Creek_Watershed.json	ble_12070101_LowerBrazosLittleBrazos
items/ebfe/756840529b41caff4bd272e419f51a4a/UNT_164_in_New_Year_Cr_Watershed.json	ble_12070101_LowerBrazosLittleBrazos
items/ebfe/757d4a0b01bbc75dd0a78356e7c62a22/DUNN_CREEK.json	ble_12070101_LowerBrazosLittleBrazos
items/ebfe/758d17ab37f6fb7f479e187ac56f0ec2/UNT_054_in_New_Year_Cr_Watershed.json	ble_12070101_LowerBrazosLittleBrazos
items/ebfe/7649e265eca941fddbce1f91be4d2296/BRUSHY_CREEK.json	ble_11140101_Boisd_ArcIsland
items/ebfe/7663fd99144f5fe3ee584d5b2fc07eb6/Donahoe_Creek_Tributary_2.json	ble_12070101_LowerBrazosLittleBrazos
items/ebfe/769810153edf904261d475a75c852706/UNT_099_IN_TCRR.json	ble_11140101_Boisd_ArcIsland
items/ebfe/76d289cac1e6402b42cf5475dce04981/UNT_083_IN_TCRR.json	ble_11140101_Boisd_ArcIsland
items/ebfe/76f38a97c4850c3c6cb306a1271f9389/UNT032_IN_SNCR.json	ble_11140101_Boisd_ArcIsland
items/ebfe/771c3b0266689fb89bc4622ae22cca3d/UNT_010_in_BCBC_Watershed.json	ble_12070101_LowerBrazosLittleBrazos
items/ebfe/773a7575e4d0e09c1c053fac1a65e77e/UNT00611_IN_CHCR.json	ble_11140101_Boisd_ArcIsland
items/ebfe/7750766294c52be9b2e1dc86aa3af901/UNT_066_in_Cedar_Creek_Watershed.json	ble_12070101_LowerBrazosLittleBrazos
items/ebfe/7759f44d05e257ecbfa2c7accd3c60a4/UNT033_IN_ISLB.json	ble_11140101_Boisd_ArcIsland
items/ebfe/775dbd3f2ef9012c2748936e90d7f978/BEE_BR_W_TRIB_12.json	ble_12070101_LowerBrazosLittleBrazos
items/ebfe/77848ec54d549bcb430ce08b4a3671b9/UNT039_IN_SNCR.json	ble_11140101_Boisd_ArcIsland
items/ebfe/77aa5e15078759cd73f99d72cccbd86d/THOMPSONS_CREEK_TRIBUTARY_6.json	ble_12070101_LowerBrazosLittleBrazos
items/ebfe/77b84a89f3d3332ebe37745d0a8cd037/UNT_115_in_Old_River_Watershed.json	ble_12070101_LowerBrazosLittleBrazos
items/ebfe/77cf892f99477d8aaab3eecf1e0aa928/BRYANT_BRANCH.json	ble_12070101_LowerBrazosLittleBrazos
items/ebfe/781b462c6237a64673a21bb5285e58b5/UNT084_IN_GBRR.json	ble_11140101_Boisd_ArcIsland
items/ebfe/7825a49f668bc025e4246ce0c85f97b2/UNT_079_in_BCBC_Watershed.json	ble_12070101_LowerBrazosLittleBrazos
items/ebfe/78495332102f9f0c6d61d5a33765aafa/UNT_370_IN_BDAR.json	ble_11140101_Boisd_ArcIsland
items/ebfe/7862c1da142381cb41de15cc886786cc/UNT_011_IN_TCRR.json	ble_11140101_Boisd_ArcIsland
items/ebfe/78766fd1a82e28aa4db8379db899c462/UNT005_IN_SNCR.json	ble_11140101_Boisd_ArcIsland
items/ebfe/78c0ae8aa3ad6a611b27c7e8a4e645b8/LITTLE_TIMBER_CREEK.json	ble_11140101_Boisd_ArcIsland
items/ebfe/78c25fc8ecac12bd19e842d878abe2af/UNT012_IN_CHCR.json	ble_11140101_Boisd_ArcIsland
items/ebfe/78cb42bb983a7345b2cd4becd8808b9f/UNT087_IN_GBRR.json	ble_11140101_Boisd_ArcIsland
items/ebfe/78cea361c6f8a4e85fef739e539ee0ba/UNT074_IN_PNCR.json	ble_11140101_Boisd_ArcIsland
items/ebfe/78d3e4e9d7f941cac7f97dcded96d207/STREAM_A.json	ble_11140101_Boisd_ArcIsland
items/ebfe/78fd7c25fb147382a60cbd2f7fcbbb3e/UNT_79_in_Beason_Cr_Watershed.json	ble_12070101_LowerBrazosLittleBrazos
items/ebfe/78fee1f406eade3e2f7553ee5fccd096/UNT_110_in_Old_River_Watershed.json	ble_12070101_LowerBrazosLittleBrazos
items/ebfe/791906e57d5f145f6fdfd2c5c4ff2937/PINE_CREEK_TRIBUTARY_NO_13.json	ble_11140101_Boisd_ArcIsland
items/ebfe/7946e70ad719e106c6c262023ba0dbd7/UNT_135_in_Beason_Cr_Watershed.json	ble_12070101_LowerBrazosLittleBrazos
items/ebfe/7990b762b1e93a911b4b7fa91d150ada/UNT_183_in_Deer_Creek_Watershed.json	ble_12070101_LowerBrazosLittleBrazos
items/ebfe/79b319ac73919bcfff4de73aae95e7b7/UNT_083_in_Deer_Creek_Watershed.json	ble_12070101_LowerBrazosLittleBrazos
items/ebfe/79c67974a4ac620e7bfcba7e48a99024/SPRING_CREEK_TRIB_23.json	ble_12070101_LowerBrazosLittleBrazos
items/ebfe/79df585f657d1d5d04716456752622b1/UNT_172_in_Beason_Cr_Watershed.json	ble_12070101_LowerBrazosLittleBrazos
items/ebfe/7a35b46c14761731f09521c6accd6702/THOMPSONS_CREEK_TRIBUTARY_7.json	ble_12070101_LowerBrazosLittleBrazos
items/ebfe/7a87ec3b96333a81ae441ea7bd60d63b/THOMPSONS_CREEK_TRIBUTARY_3.json	ble_12070101_LowerBrazosLittleBrazos
items/ebfe/7a8c1826871b936bd5e6a50766358fc0/WEST_TRIBUTARY_OF_SANDY_CREEK.json	ble_12070101_LowerBrazosLittleBrazos
items/ebfe/7a9e9d21edc3b843086b66c9f3f3ba40/SPRING_CREEK_TRIB_21.json	ble_12070101_LowerBrazosLittleBrazos
items/ebfe/7aed16c2eb152e8cdfeeeef2bce9bc28/MUD_CREEK_TRIB_15.json	ble_12070101_LowerBrazosLittleBrazos
items/ebfe/7b18d770db1726445a7cb4be9257b6f6/UNT_054_IN_BDAR.json	ble_11140101_Boisd_ArcIsland
items/ebfe/7b3f7a4e206c88a4f25a56b53f099e53/UNT_082_in_Cedar_Creek_Watershed.json	ble_12070101_LowerBrazosLittleBrazos
items/ebfe/7b81c7719ab5e992e556050335910e1f/WHITE_CREEK_TRIBUTARY_15.json	ble_12070101_LowerBrazosLittleBrazos
items/ebfe/7baf00bde79fae6297c46e7dc55c3ce1/DUNN_CREEK_TRIB_11_6.json	ble_12070101_LowerBrazosLittleBrazos
items/ebfe/7bafb51eec41e6efe00b935d8c8dea8d/UNT002_IN_PNCR.json	ble_11140101_Boisd_ArcIsland
items/ebfe/7bc108fd473cff8ea03fffec2cb4a5c4/UNT_30_in_Beason_Cr_Watershed.json	ble_12070101_LowerBrazosLittleBrazos
items/ebfe/7bc5b438c6be5accaed5dc3b8aeb28f6/UNT_157_in_New_Year_Cr_Watershed.json	ble_12070101_LowerBrazosLittleBrazos
items/ebfe/7bdd6540fa80186c6b632c24eceb59ab/UNT047_IN_ISLB.json	ble_11140101_Boisd_ArcIsland
items/ebfe/7be2d2c0dec231e619b15b82ce8e625a/SANDY_CREEK.json	ble_12070101_LowerBrazosLittleBrazos
items/ebfe/7bec116b86aba95d56e05d725781957f/UNT2583_IN_SNCR.json	ble_11140101_Boisd_ArcIsland
items/ebfe/7bfc9aee2f692421606bfdba7c6bf7e0/UNT_302_IN_TCRR.json	ble_11140101_Boisd_ArcIsland
items/ebfe/7c0f95aff928d941bc055adc2341af09/PIN_OAK_CREEK_SOUTH_TRIB_15.json	ble_12070101_LowerBrazosLittleBrazos
items/ebfe/7c4209984a34f2cb8139416891b8cc28/UNT052_IN_CHCR.json	ble_11140101_Boisd_ArcIsland
items/ebfe/7c5d4cfcc454b9a91d74359d11846b45/WNC_TRIB_23_1.json	ble_12070101_LowerBrazosLittleBrazos
items/ebfe/7c8d1a1a35ac5e2a7a206a3bbbef1267/SANDY_CREEK_1.json	ble_11140101_Boisd_ArcIsland
items/ebfe/7c93e88b5efc785beed395f5538768b1/UNT_214_in_Deer_Creek_Watershed.json	ble_12070101_LowerBrazosLittleBrazos
items/ebfe/7c94359d801196651265a239eb6ce0e9/UNT015_IN_CHCR.json	ble_11140101_Boisd_ArcIsland
items/ebfe/7ca4b8d9cab7f7865d936e7a31015c35/DAMERON_CREEK.json	ble_11140101_Boisd_ArcIsland
items/ebfe/7cb6f386f47e8138aba39493a6770a7e/UNT135_IN_CHCR.json	ble_11140101_Boisd_ArcIsland
items/ebfe/7cc38e059adb17e3a289653ab8b6ff1d/UNT085_IN_ISLB.json	ble_11140101_Boisd_ArcIsland
items/ebfe/7cc9e0288814eacabf9fef505775552d/MUD_CREEK_TRIB_19.json	ble_12070101_LowerBrazosLittleBrazos
items/ebfe/7cd5156c8616214872f4b9d4aa276adb/UNT_2_in_Beason_Cr_Watershed.json	ble_12070101_LowerBrazosLittleBrazos
items/ebfe/7cf18b3ee85e52b2f23b0a192c8dbc98/UNT098_IN_GBRR.json	ble_11140101_Boisd_ArcIsland
items/ebfe/7d212347e57a9a05eb066eb3a6ab9484/HORSE_CREEK.json	ble_11140101_Boisd_ArcIsland
items/ebfe/7d5a3ca1a985ee789c6adc703b81b7f1/UNT_116_IN_BDAR.json	ble_11140101_Boisd_ArcIsland
items/ebfe/7d69a5b4e3d52aa660d4728f55117b8b/PUTNEY_BRANCH_TRIB_3.json	ble_12070101_LowerBrazosLittleBrazos
items/ebfe/7d7baea7abe5877cfa26c1d55902dd6b/UNT_068_IN_BDAR.json	ble_11140101_Boisd_ArcIsland
items/ebfe/7d82ad5717437b9f13ab4588de17141e/FOSTER_VALLEY_CREEK.json	ble_11140101_Boisd_ArcIsland
items/ebfe/7d89bb9297e4199294bff9908e8a7328/WILSON_CR_TRIB_5.json	ble_12070101_LowerBrazosLittleBrazos
items/ebfe/7dab632e81f6554dfefccc0da25343a3/UNT_081_IN_TCRR.json	ble_11140101_Boisd_ArcIsland
items/ebfe/7dce467f12718f2eb27bb3b1041fb2e0/UNT_017_IN_BDAR.json	ble_11140101_Boisd_ArcIsland
items/ebfe/7df1b4b8b6ffe0b519eb6628e70164cb/LITTLE_MUD_CREEK_TRIB_6.json	ble_12070101_LowerBrazosLittleBrazos
items/ebfe/7df9e92992ca4fc1a73fcde739775c0b/UNT_104_in_New_Year_Cr_Watershed.json	ble_12070101_LowerBrazosLittleBrazos
items/ebfe/7e03f8323db9f8e27da57a2ae34db6cb/UNT_056_in_PCW.json	ble_12070101_LowerBrazosLittleBrazos
items/ebfe/7e0d7c899b52c4168f70afd36b3eb68b/UNT_123_in_Beason_Cr_Watershed.json	ble_12070101_LowerBrazosLittleBrazos
items/ebfe/7e0f6309330461733a8e021031745f2c/UNT_009_in_PCW.json	ble_12070101_LowerBrazosLittleBrazos
items/ebfe/7e28d87d06b2426dde95e773488c0c82/UNT_119_in_Old_River_Watershed.json	ble_12070101_LowerBrazosLittleBrazos
items/ebfe/7e52532c7ffbfafdabb865c6022b8f0c/UNT018_IN_SNCR.json	ble_11140101_Boisd_ArcIsland
items/ebfe/7e6edd597578ef928c363ceae1944a99/UNT_122_in_Old_River_Watershed.json	ble_12070101_LowerBrazosLittleBrazos
items/ebfe/7e76676f6d09103a26eee95832967332/SOUTH_WNC_TRIB_4.json	ble_12070101_LowerBrazosLittleBrazos
items/ebfe/7e9ab71db8865e4ac2e25a32004bb104/UNT_006_IN_TCRR.json	ble_11140101_Boisd_ArcIsland
items/ebfe/7e9f394a64ddd33a5819d4b0b2a5874e/UNT_202_in_Beason_Cr_Watershed.json	ble_12070101_LowerBrazosLittleBrazos
items/ebfe/7ebc544a55b6f9c0c71985bd73bfb584/UNT599_IN_CHCR.json	ble_11140101_Boisd_ArcIsland
items/ebfe/7ecce105d73356d18a2d275a6b4f2c28/UNT_015_in_Deer_Creek_Watershed.json	ble_12070101_LowerBrazosLittleBrazos
items/ebfe/7ef204d4207aa0280ff9518d2190106c/UNT032_IN_ISLB.json	ble_11140101_Boisd_ArcIsland
items/ebfe/7f0aba9a2d1e15735a0e1a687b6ab9ba/UNT_058_in_Deer_Creek_Watershed.json	ble_12070101_LowerBrazosLittleBrazos
items/ebfe/7f17057c90a053b8fe616ce30d0756d0/LITTLE_MUD_CREEK_TRIB_17.json	ble_12070101_LowerBrazosLittleBrazos
items/ebfe/7f41913d52813399d23788ac2496438f/UNT_041_in_New_Year_Cr_Watershed.json	ble_12070101_LowerBrazosLittleBrazos
items/ebfe/7f4f1461e0f7ef564408dd8ebdcec587/COPPER_CREEK.json	ble_12070101_LowerBrazosLittleBrazos
items/ebfe/7f641fb11dde464e98cec6f18350527f/UNT_024_in_BCBC_Watershed.json	ble_12070101_LowerBrazosLittleBrazos
items/ebfe/7facca0972411539cc4548996df1e855/UNT_002_in_BCBC_Watershed.json	ble_12070101_LowerBrazosLittleBrazos
items/ebfe/7fb12ba95f38230d5ca817d5cd629cd5/UNT_157_in_Beason_Cr_Watershed.json	ble_12070101_LowerBrazosLittleBrazos
items/ebfe/8011e8019fc8cd4cfe5b18b08dff9cea/UNT_146_IN_BDAR.json	ble_11140101_Boisd_ArcIsland
items/ebfe/80845178f5da6bd010ecbde906622faa/UNT_6_in_Beason_Cr_Watershed.json	ble_12070101_LowerBrazosLittleBrazos
items/ebfe/808a5b927f3b211fbeefb15236b11000/UNT_104_in_Old_River_Watershed.json	ble_12070101_LowerBrazosLittleBrazos
items/ebfe/80df29cd352eed4cf1fc21b73342dbe6/MUD_CREEK_TRIB_1.json	ble_12070101_LowerBrazosLittleBrazos
items/ebfe/80e21b0068a83e9b834488940b4ae41c/UNT2538_IN_SNCR.json	ble_11140101_Boisd_ArcIsland
items/ebfe/80e3910fdda8d0a31d79fc2685423ffa/UNT_108_in_Old_River_Watershed.json	ble_12070101_LowerBrazosLittleBrazos
items/ebfe/810d3b589813bb7586cafddccf2fafe9/UNT017_IN_CHCR.json	ble_11140101_Boisd_ArcIsland
items/ebfe/814c32758d1f5b8b72ce5f2e627b8283/BERGHER_CREEK.json	ble_11140101_Boisd_ArcIsland
items/ebfe/81676727b6afff90a3a79d182636c3d9/UNT050_IN_PNCR.json	ble_11140101_Boisd_ArcIsland
items/ebfe/817c32c2de7d5a1eaa4a0edef03679c3/TRIBUTARY_TO_WHITE_CREEK_2.json	ble_12070101_LowerBrazosLittleBrazos
items/ebfe/81dd6db217e76303c021d203f53804f1/UNT060_IN_PNCR.json	ble_11140101_Boisd_ArcIsland
items/ebfe/81ea7baeb79a5132f964c9380c975583/UNT_355_in_Deer_Creek_Watershed.json	ble_12070101_LowerBrazosLittleBrazos
items/ebfe/821a42fc140ff3c720bbb1a269f405d0/UNT_093_in_Old_River_Watershed.json	ble_12070101_LowerBrazosLittleBrazos
items/ebfe/822419af43b63310bddc8301146a3979/SPRING_CREEK_TRIB_29_1.json	ble_12070101_LowerBrazosLittleBrazos
items/ebfe/828e63c13918e3acc9d995ae83ed7442/UNT082_IN_GBRR.json	ble_11140101_Boisd_ArcIsland
items/ebfe/82a33b3a74c575096207b6189ec92ea3/UNT_034_in_Cedar_Creek_Watershed.json	ble_12070101_LowerBrazosLittleBrazos
items/ebfe/82a70b15eb2f1b282f7935bb55f2ace0/UNT00184_IN_CHCR.json	ble_11140101_Boisd_ArcIsland
items/ebfe/82bb1aea8b27f72d7e575c0ded044f0a/JIM_BRANCH.json	ble_12070101_LowerBrazosLittleBrazos
items/ebfe/82bf6886e3c57128f35db28eba1461d6/UNT_149_in_Beason_Cr_Watershed.json	ble_12070101_LowerBrazosLittleBrazos
items/ebfe/82d47f310afec34fddfdbf102916d420/WHITE_CREEK_TRIBUTARY_2.json	ble_12070101_LowerBrazosLittleBrazos
items/ebfe/82ea03e0b997a0131934612a3752e263/SOUTH_WNC_TRIB_10_1.json	ble_12070101_LowerBrazosLittleBrazos
items/ebfe/830397d558797ae558bf35bf94ad63a1/UNT131_IN_CHCR.json	ble_11140101_Boisd_ArcIsland
items/ebfe/83370b33e5ec276ff780e3fe4e0c5501/WNC_TRIB_2.json	ble_12070101_LowerBrazosLittleBrazos
items/ebfe/833a52f4da29311f89a894faf23598dc/UNT_026_in_BCBC_Watershed.json	ble_12070101_LowerBrazosLittleBrazos
items/ebfe/834077fc31239254d435787d22cc6088/HARDEMAN_BRANCH.json	ble_12070101_LowerBrazosLittleBrazos
items/ebfe/8350a92066d9abdf727c50f21907797a/UNT_125_in_New_Year_Cr_Watershed.json	ble_12070101_LowerBrazosLittleBrazos
items/ebfe/835677adbe9b4bf82039360e9babdfd7/UNT_020_in_Cedar_Creek_Watershed.json	ble_12070101_LowerBrazosLittleBrazos
items/ebfe/835a903b9d91f8a2872e502e1163919f/UNT029_IN_GBRR.json	ble_11140101_Boisd_ArcIsland
items/ebfe/83c1e8e0ca38c89d497755bd83b0bb6a/UNT019_IN_SNCR.json	ble_11140101_Boisd_ArcIsland
items/ebfe/83cd7ebfcd507044e959d66a97e53349/WNC_TRIB_23.json	ble_12070101_LowerBrazosLittleBrazos
items/ebfe/83d9c408cc6bc79d9158d382fed0e9df/BEE_BR_W_TRIB_16.json	ble_12070101_LowerBrazosLittleBrazos
items/ebfe/84038605e103ec7ac432fbecc0d7b8ba/UNT_103_in_New_Year_Cr_Watershed.json	ble_12070101_LowerBrazosLittleBrazos
items/ebfe/8408e7101fc7362a6ba98962f0d13193/UNT_094_in_Old_River_Watershed.json	ble_12070101_LowerBrazosLittleBrazos
items/ebfe/8409328c8338b0a5bc15f7e07a1190a0/SOUTH_WNC_TRIB_16_1.json	ble_12070101_LowerBrazosLittleBrazos
items/ebfe/84267dd235d9a9132683454de1c1ea1b/UNT01024_IN_SCRR.json	ble_11140101_Boisd_ArcIsland
items/ebfe/843188566aa4f6e5b898c2a211023108/TOMMELSON_CREEK.json	ble_12070101_LowerBrazosLittleBrazos
items/ebfe/847931de646f5903e29350cede705af4/UNT060_IN_SNCR.json	ble_11140101_Boisd_ArcIsland
items/ebfe/847d164b816e660ac617ff418f0a0ec2/UNT_094_in_Deer_Creek_Watershed.json	ble_12070101_LowerBrazosLittleBrazos
items/ebfe/84d756f7d09184d00f943226733399f1/UNT031_IN_SNCR.json	ble_11140101_Boisd_ArcIsland
items/ebfe/84dec9b8c1a529690116f74c2a67d7d3/UNT_087_in_Cedar_Creek_Watershed.json	ble_12070101_LowerBrazosLittleBrazos
items/ebfe/850a93443f86df1f6dd7c3a1f2c8922d/UNT076_IN_CHCR.json	ble_11140101_Boisd_ArcIsland
items/ebfe/8511a375e3319c6b0ccf4bf9fe099817/DUNN_CREEK_TRIB_10.json	ble_12070101_LowerBrazosLittleBrazos
items/ebfe/852e560bd967af09fb549f2ca727b648/DUCK_POND_BRANCH_TRIB_2.json	ble_12070101_LowerBrazosLittleBrazos
items/ebfe/8554baefa4023ff1d364ba1f1e1365b2/ALLIGATOR_CREEK_TRIBUTARY_3_1.json	ble_12070101_LowerBrazosLittleBrazos
items/ebfe/855dbca853b4baebb1c9f5d40ef0f2ed/UNT_120_in_Old_River_Watershed.json	ble_12070101_LowerBrazosLittleBrazos
items/ebfe/856756c1a64a3a45d8833fb1c7ea3501/MILL_CREEK.json	ble_11140101_Boisd_ArcIsland
items/ebfe/85743ed10031a94adedee7906d53ac80/UNT_407_IN_BDAR.json	ble_11140101_Boisd_ArcIsland
items/ebfe/85865e12df92e893b28c621c910d26d7/UNT_166_in_New_Year_Cr_Watershed.json	ble_12070101_LowerBrazosLittleBrazos
items/ebfe/8596d0d7951b2138b0cfd8214b681b0c/MUD_CREEK_TRIB_8.json	ble_12070101_LowerBrazosLittleBrazos
items/ebfe/85acb4f82d73c2a79b0645f1acfe2d78/UNT057_IN_ISLB.json	ble_11140101_Boisd_ArcIsland
items/ebfe/85bef581d87f489e0d3d874434a69387/TUKLO_CREEK.json	ble_11140101_Boisd_ArcIsland
items/ebfe/85c2becfa162fa5dba58912b6081a120/GNATS_CR_TRIB_3.json	ble_12070101_LowerBrazosLittleBrazos
items/ebfe/8600067d83651a50f2daeca35c9e93fa/MUD_CREEK_TRIB_3.json	ble_12070101_LowerBrazosLittleBrazos
items/ebfe/86160a7d8fc4d9c838635b3c46ac1c22/UNT_110_in_New_Year_Cr_Watershed.json	ble_12070101_LowerBrazosLittleBrazos
items/ebfe/86617698d4255968df6ccce30eaa2415/UNT_035_in_LBR_Watershed.json	ble_12070101_LowerBrazosLittleBrazos
items/ebfe/86777314e0ee1d6b7a2ab00328cf01a1/UNT_130_in_Old_River_Watershed.json	ble_12070101_LowerBrazosLittleBrazos
items/ebfe/86a5f6b7882728204e02bc91ceea753d/UNT_154_IN_BDAR.json	ble_11140101_Boisd_ArcIsland
items/ebfe/8727bde982a1e06e87c444aa66844efd/UNT00838_IN_SCRR.json	ble_11140101_Boisd_ArcIsland
items/ebfe/8731eddc0a93025ac63e837e3bb92b91/UNT093_IN_ISLB.json	ble_11140101_Boisd_ArcIsland
items/ebfe/87378bb784ea21dc818ac607be50b9a5/UNT055_IN_PNCR.json	ble_11140101_Boisd_ArcIsland
items/ebfe/8737c38b5497e009a49de00b8eb9f82c/WEBB_CREEK.json	ble_11140101_Boisd_ArcIsland
items/ebfe/8742e141d77abf3df468d76781b760c7/SOUTH_WNC_TRIB_16.json	ble_12070101_LowerBrazosLittleBrazos
items/ebfe/8767cceb443fb76bc8217a279dd397cd/UNT104_IN_ISLB.json	ble_11140101_Boisd_ArcIsland
items/ebfe/87762cc6e5925cc948492e93fafa4eea/PEACH_CREEK_NORTH_TRIB_2.json	ble_12070101_LowerBrazosLittleBrazos
items/ebfe/87bd0621a6f56a4cd057226cef7b6c81/SOUTH_FORK_OF_TURKEY_CREEK_2.json	ble_12070101_LowerBrazosLittleBrazos
items/ebfe/87dd92045471bae1d00cfa2ac154c8c3/ROCKY_CREEK_2.json	ble_12070101_LowerBrazosLittleBrazos
items/ebfe/87eab973d9c9a1180f28dbabbce3a286/UNT_108_in_Cedar_Creek_Watershed.json	ble_12070101_LowerBrazosLittleBrazos
items/ebfe/87f6e3f462bba43ce43d883bc4fa23bb/UNT_066_in_LBR_Watershed.json	ble_12070101_LowerBrazosLittleBrazos
items/ebfe/87f9fb355188dc00cb03333fe4b0175c/UNT_199_in_Old_River_Watershed.json	ble_12070101_LowerBrazosLittleBrazos
items/ebfe/880e81ab1a9118b0a782cda3ee71d8d5/BRUSHY_CREEK.json	ble_12070101_LowerBrazosLittleBrazos
items/ebfe/882a42d426176af1a01d0d248a5d134c/UNT_037_in_New_Year_Cr_Watershed.json	ble_12070101_LowerBrazosLittleBrazos
items/ebfe/8844e8ee65b4fd26d3d24936a546f146/LITTLE_PIN_OAK_CREEK_TRIB_12.json	ble_12070101_LowerBrazosLittleBrazos
items/ebfe/884bd828a14c99cf93b087b1b2249b23/UNT_091_IN_TCRR.json	ble_11140101_Boisd_ArcIsland
items/ebfe/885d14f334fc922761b7009a9a732189/UNT_19_in_Beason_Cr_Watershed.json	ble_12070101_LowerBrazosLittleBrazos
items/ebfe/885d286fdc88bd1850c6f45603226938/UNT_152_IN_BDAR.json	ble_11140101_Boisd_ArcIsland
items/ebfe/8870415bafb8ffc70cf26b89ee7f2038/UNT_152_in_New_Year_Cr_Watershed.json	ble_12070101_LowerBrazosLittleBrazos
items/ebfe/8890a16febc6cc0db24d60eb40354a74/SOUTH_WNC_TRIB_14.json	ble_12070101_LowerBrazosLittleBrazos
items/ebfe/88ca429615ebe787549d6e37c13ee50b/ALLIGATOR_CREEK_TRIBUTARY_4_10.json	ble_12070101_LowerBrazosLittleBrazos
items/ebfe/88ca43f6de593c9884d747db99fa5598/Tributary_1_to_North_Cow_Bayou.json	ble_12070101_LowerBrazosLittleBrazos
items/ebfe/88dceb4b82ee3d438e5c0449ba8e996c/UNT_061_in_PCW.json	ble_12070101_LowerBrazosLittleBrazos
items/ebfe/8915e7ca2656558993462d20bdf86715/UNT_194_in_Old_River_Watershed.json	ble_12070101_LowerBrazosLittleBrazos
items/ebfe/892e3b8e16679d655486c063369ae3de/UNT_172_in_Deer_Creek_Watershed.json	ble_12070101_LowerBrazosLittleBrazos
items/ebfe/89421c64c3679a3c37a3664ebe2786ec/BALLEY_HOLLOW.json	ble_12070101_LowerBrazosLittleBrazos
items/ebfe/89621d764e0fe11eb4379a84dde5b432/UNT_130_in_Beason_Cr_Watershed.json	ble_12070101_LowerBrazosLittleBrazos
items/ebfe/899737319243aa60245fdcfdc96d322c/WOLF_CREEK.json	ble_11140101_Boisd_ArcIsland
items/ebfe/89fee3481295dbcc2f48986eb14793af/DUNN_CREEK_TRIB_8.json	ble_12070101_LowerBrazosLittleBrazos
items/ebfe/89ffc3ce903971883e1a99d17205599a/BRAZOS_RIVER_TRIBUTARY_22.json	ble_12070101_LowerBrazosLittleBrazos
items/ebfe/8a06a1e32dc681d223b2026279632259/UNT056_IN_ISLB.json	ble_11140101_Boisd_ArcIsland
items/ebfe/8a0e4e86d6b8ed9d5daedd6014254902/UNT054_IN_GBRR.json	ble_11140101_Boisd_ArcIsland
items/ebfe/8a1a0989c4289853b06f0ba2b396dee2/WHITE_CREEK_TRIBUTARY_9.json	ble_12070101_LowerBrazosLittleBrazos
items/ebfe/8a1cf035f63f3387bf01da237d2ea747/BIG_WILLOW_CR.json	ble_12070101_LowerBrazosLittleBrazos
items/ebfe/8a2d8598cf72e10765ec4a7961647873/UNT092_IN_PNCR.json	ble_11140101_Boisd_ArcIsland
items/ebfe/8a63da9257054b07d155136a19a2d70d/UNT_012_IN_TCRR.json	ble_11140101_Boisd_ArcIsland
items/ebfe/8a71a94e0061a4f2dd4df1de811d61e4/UNT_066_in_BCBC_Watershed.json	ble_12070101_LowerBrazosLittleBrazos
items/ebfe/8a81542e264964d85c1f86cb7e9ad37c/LOST_CREEK.json	ble_12070101_LowerBrazosLittleBrazos
items/ebfe/8a88ceb065c03fe56b29a867e2d32425/UNT001_IN_GBRR.json	ble_11140101_Boisd_ArcIsland
items/ebfe/8aa63152f1358a6e061529d981854953/UNT_075_IN_TCRR.json	ble_11140101_Boisd_ArcIsland
items/ebfe/8aabc9ab480ec047731f95ed875e4a6a/UNT002_IN_CHCR.json	ble_11140101_Boisd_ArcIsland
items/ebfe/8acd683d420aef4ce4c0b08918333964/UNT_111_in_New_Year_Cr_Watershed.json	ble_12070101_LowerBrazosLittleBrazos
items/ebfe/8ad41379ae3f67d1fe8f183e932efe48/UNT_185_in_Deer_Creek_Watershed.json	ble_12070101_LowerBrazosLittleBrazos
items/ebfe/8b1c02e85ba93f3bd56c7384bf3aa461/UNT_304_IN_BDAR.json	ble_11140101_Boisd_ArcIsland
items/ebfe/8b2b43a99eb927460f6d226d78e88345/Tributary_3_to_North_Cow_Bayou.json	ble_12070101_LowerBrazosLittleBrazos
items/ebfe/8b34ecd301375f9961b4df5001f6dae1/SOUTH_FORK_OF_COTTONWOOD_BRANCH.json	ble_12070101_LowerBrazosLittleBrazos
items/ebfe/8b51de2d0a7ed91a68fa0e2832b6bdab/UNT116_IN_CHCR.json	ble_11140101_Boisd_ArcIsland
items/ebfe/8b6c20aedbe18cba8192420652bedb4b/LITTLE_MUD_CREEK_TRIB_3_1.json	ble_12070101_LowerBrazosLittleBrazos
items/ebfe/8b8b4dd51f8c40d8352d2931d44f9b97/UNT101_IN_CHCR.json	ble_11140101_Boisd_ArcIsland
items/ebfe/8b8cb119edf3c59a4b9539044396c371/UNT1000_IN_GBRR.json	ble_11140101_Boisd_ArcIsland
items/ebfe/8baaa91675e1f13523f10c6e1b7af40a/SOUTH_WNC_TRIB_9.json	ble_12070101_LowerBrazosLittleBrazos
items/ebfe/8bbae1a0ef965e07d6f6da2957511824/UNT034_IN_GBRR.json	ble_11140101_Boisd_ArcIsland
items/ebfe/8c04140d03f87c142f2e501711681a57/UNT001_IN_ISLB.json	ble_11140101_Boisd_ArcIsland
items/ebfe/8c3916a69300c02774886c5a3ff8c4f4/UNT_63_in_Beason_Cr_Watershed.json	ble_12070101_LowerBrazosLittleBrazos
items/ebfe/8c5c6723220f246469e7385959b67079/UNT075_IN_ISLB.json	ble_11140101_Boisd_ArcIsland
items/ebfe/8c72ab48463959166fb11a174c4350b9/UNT_077_in_BCBC_Watershed.json	ble_12070101_LowerBrazosLittleBrazos
items/ebfe/8c7d07ba56f31acc750c538439d64f5e/UNT_076_IN_TCRR.json	ble_11140101_Boisd_ArcIsland
items/ebfe/8c9f883c832ec75491f05faa3413094a/LITTLE_SANDY_CR_TRIB_3.json	ble_12070101_LowerBrazosLittleBrazos
items/ebfe/8cad59aa5370ce0e015dea8d88bce53d/UNT_36_in_Beason_Cr_Watershed.json	ble_12070101_LowerBrazosLittleBrazos
items/ebfe/8d10d0816fb5d77785f921e15f2dc21c/UNT_303_IN_TCRR.json	ble_11140101_Boisd_ArcIsland
items/ebfe/8d293334f78f54098163151c459748d9/UNT044_IN_CHCR.json	ble_11140101_Boisd_ArcIsland
items/ebfe/8d3b029e78a4bc9789e553758138e74f/WNC_TRIB_34.json	ble_12070101_LowerBrazosLittleBrazos
items/ebfe/8d40e6cdc9c585a2246b8b83ce18450d/UNT_026_in_New_Year_Cr_Watershed.json	ble_12070101_LowerBrazosLittleBrazos
items/ebfe/8d436834c604bee0290c82ec1a189405/UNT_034_IN_BDAR.json	ble_11140101_Boisd_ArcIsland
items/ebfe/8d6d71b4d1a4fb96ec3fda5f2951f29b/UNT055_IN_CHCR.json	ble_11140101_Boisd_ArcIsland
items/ebfe/8d7b867998f47e3b7e15d37428845ec2/Pond_Creek.json	ble_12070101_LowerBrazosLittleBrazos
items/ebfe/8d9bda981b6ddcfe84e04fbae52ca422/UNT064_IN_SNCR.json	ble_11140101_Boisd_ArcIsland
items/ebfe/8db5a27b2e0d3e2245d1e9ac3f725aff/WILSON_CR.json	ble_12070101_LowerBrazosLittleBrazos
items/ebfe/8dcbb8a71fd41fa93294554750fafaee/BARTON_BR_W_TRIB_4_3.json	ble_12070101_LowerBrazosLittleBrazos
items/ebfe/8ddfd74b866ce14b9b2a0c80d164b536/DOE_RUN.json	ble_12070101_LowerBrazosLittleBrazos
items/ebfe/8e0a14082c856ab1645d0470ff66a65d/UNT106_IN_GBRR.json	ble_11140101_Boisd_ArcIsland
items/ebfe/8e2182e7e9cb2f45b9252fdbec28a2f5/MUD_CREEK_TRIB_6_1.json	ble_12070101_LowerBrazosLittleBrazos
items/ebfe/8e691506f9f17191efd16ff1580f207f/LITTLE_PIN_OAK_CREEK_TRIB_9.json	ble_12070101_LowerBrazosLittleBrazos
items/ebfe/8e6cef47b99f186fb2199bd456d8238d/ALLIGATOR_CREEK_TRIBUTARY_8.json	ble_12070101_LowerBrazosLittleBrazos
items/ebfe/8e72fdb7681b9cc7b06ebfb50d908094/UNT_131_IN_BDAR.json	ble_11140101_Boisd_ArcIsland
items/ebfe/8e73de44bb782cea3aa43ab2e9ceec49/Spring_Branch.json	ble_12070101_LowerBrazosLittleBrazos
items/ebfe/8e82b548b18ec4c3c022fb21ea3ad168/UNT_118_in_Cedar_Creek_Watershed.json	ble_12070101_LowerBrazosLittleBrazos
items/ebfe/8eadc909ea72e80cd8617ba11ab0b938/UNT_061_in_Deer_Creek_Watershed.json	ble_12070101_LowerBrazosLittleBrazos
items/ebfe/8eb0a71cfc802435b27b4f161cd16651/UNT_185_IN_BDAR.json	ble_11140101_Boisd_ArcIsland
items/ebfe/8eb409fcf37ae92076253341d7deb752/SOUTH_WNC_TRIB_10_2.json	ble_12070101_LowerBrazosLittleBrazos
items/ebfe/8ecec76cbe859d5eaaf0ea11c8cb5c8d/UNT_187_IN_BDAR.json	ble_11140101_Boisd_ArcIsland
items/ebfe/8ef8f36f0e5d84e44bdbef078bc33d0a/UNT00738_IN_SCRR.json	ble_11140101_Boisd_ArcIsland
items/ebfe/8efb4a0c0a4a4d53f9bfaba3b0687b8a/Miller_Branch.json	ble_12070101_LowerBrazosLittleBrazos
items/ebfe/8efe1c01abde1c67496449013a4ee4d8/LONG_CREEK.json	ble_11140101_Boisd_ArcIsland
items/ebfe/8f1bb8c440f083cb63f9bd13116de4ae/UNT_112_in_Cedar_Creek_Watershed.json	ble_12070101_LowerBrazosLittleBrazos
items/ebfe/8f25b9a9220e37406961a17b14c2a66c/UNT_019_in_BCBC_Watershed.json	ble_12070101_LowerBrazosLittleBrazos
items/ebfe/8f515c261abfd6b9d777878f74ffa11b/UNT_4_in_Beason_Cr_Watershed.json	ble_12070101_LowerBrazosLittleBrazos
items/ebfe/8fb5caa56f88a4288b916b93223fd4bf/THREEMILE_CREEK.json	ble_12070101_LowerBrazosLittleBrazos
items/ebfe/8fd2604a4ac61fe5ba0420cde2bbef47/UNT_147_IN_BDAR.json	ble_11140101_Boisd_ArcIsland
items/ebfe/8fed0def902c74d75ef4dc476e165888/PIN_OAK_CREEK_SOUTH_TRIB_13.json	ble_12070101_LowerBrazosLittleBrazos
items/ebfe/8ffe17726fcbca38e758d306e89d5833/TUCKER_CREEK.json	ble_12070101_LowerBrazosLittleBrazos
items/ebfe/9058574cdae5990d0832f13cb24a118c/EAST_OAKLAND_BRANCH.json	ble_11140101_Boisd_ArcIsland
items/ebfe/905f80856974f78f8c0d0edac6d68042/UNT_023_in_BCBC_Watershed.json	ble_12070101_LowerBrazosLittleBrazos
items/ebfe/907b987657f21f1ac95aca0b8b2ac219/UNT133_IN_CHCR.json	ble_11140101_Boisd_ArcIsland
items/ebfe/908b10aa5d0c56e4291834b7f3194300/UNT_023_in_New_Year_Cr_Watershed.json	ble_12070101_LowerBrazosLittleBrazos
items/ebfe/90af3ba0878dfbf5f4b77b474aa78df5/UNT093_IN_PNCR.json	ble_11140101_Boisd_ArcIsland
items/ebfe/90b84ebf0e490e2b42869b6f9f467646/DUNN_CREEK_TRIB_11_7.json	ble_12070101_LowerBrazosLittleBrazos
items/ebfe/90b98f1e436ecd4af536968a93ce69ca/UNT00376_IN_CHCR.json	ble_11140101_Boisd_ArcIsland
items/ebfe/90c2e9258d197a6bb45532973d2f5f41/East_Bone_Branch.json	ble_12070101_LowerBrazosLittleBrazos
items/ebfe/90c5a2b67a20775178899ed136df6b08/UNT_089_in_Cedar_Creek_Watershed.json	ble_12070101_LowerBrazosLittleBrazos
items/ebfe/90f3df98066e170df6455440ee2b9cdc/UNT_004_in_LBR_Watershed.json	ble_12070101_LowerBrazosLittleBrazos
items/ebfe/90fe498c780eed37854f1f394e2eb2b4/UNT_032_in_New_Year_Cr_Watershed.json	ble_12070101_LowerBrazosLittleBrazos
items/ebfe/9121791b967cd4c676d9392e06fb03a6/UNT_015_in_LBR_Watershed.json	ble_12070101_LowerBrazosLittleBrazos
items/ebfe/91284c64f5c9dd2770b98088acf32d77/UNT118_IN_ISLB.json	ble_11140101_Boisd_ArcIsland
items/ebfe/916ae6d4554c348e9b6abe750442cdd1/UNT_024_IN_BDAR.json	ble_11140101_Boisd_ArcIsland
items/ebfe/9183e3b93e33607ee696047c7753292c/UNT097_IN_PNCR.json	ble_11140101_Boisd_ArcIsland
items/ebfe/91b138ab385441aee3871b265ad84aae/Salt_Creek.json	ble_12070101_LowerBrazosLittleBrazos
items/ebfe/921702b9af1da069fd87431ad86779ad/UNT114_IN_CHCR.json	ble_11140101_Boisd_ArcIsland
items/ebfe/92319f29fae79f29b5823a2b0a42284d/UNT_076_in_LBR_Watershed.json	ble_12070101_LowerBrazosLittleBrazos
items/ebfe/92338b640aff6322edf5334fabbfb82f/UNT099_IN_CHCR.json	ble_11140101_Boisd_ArcIsland
items/ebfe/924a8b740e1fcfcbd1c21d08509b77af/UNT_305_IN_TCRR.json	ble_11140101_Boisd_ArcIsland
items/ebfe/92676f40db031fc466c3cd76c3ca1954/CHAIR_BRANCH_TRIBUTARY_4.json	ble_12070101_LowerBrazosLittleBrazos
items/ebfe/92a01626f42396e7212d6d2978bb3a61/PORTER_CREEK.json	ble_11140101_Boisd_ArcIsland
items/ebfe/92b31a1d346ad4d9e746d4826d34f138/MUD_CREEK_TRIB_13.json	ble_12070101_LowerBrazosLittleBrazos
items/ebfe/92bcc36e503c98b24eec1581965bd118/SKINNER_CREEK.json	ble_11140101_Boisd_ArcIsland
items/ebfe/92c2b7d44ea989f43977629d5a7a499c/UNT_084_IN_TCRR.json	ble_11140101_Boisd_ArcIsland
items/ebfe/93043c11951288e728599b83042c4048/LITTLE_PIN_OAK_CREEK_TRIB_8.json	ble_12070101_LowerBrazosLittleBrazos
items/ebfe/9311f4aceb339ade287bf154ac8c7e17/LOST_CREEK_TRIB_4.json	ble_12070101_LowerBrazosLittleBrazos
items/ebfe/9320b88ee6b86d65ff100c42125cbb7d/UNT_092_IN_TCRR.json	ble_11140101_Boisd_ArcIsland
items/ebfe/937cb9e505d11480afd33d42fcbe1495/UNT100_IN_SNCR.json	ble_11140101_Boisd_ArcIsland
items/ebfe/938a986490a112179937147fc7e13054/UNT_053_IN_BDAR.json	ble_11140101_Boisd_ArcIsland
items/ebfe/93a6da31340260404bc1580846112d40/UNT_120_in_New_Year_Cr_Watershed.json	ble_12070101_LowerBrazosLittleBrazos
items/ebfe/93ca7ff1a3fe341e8123f07ab8ab0439/UNT_209_in_Old_River_Watershed.json	ble_12070101_LowerBrazosLittleBrazos
items/ebfe/93cd3e0235d43b097985c4a5e670eefb/MILL_CR_TRIB_6.json	ble_12070101_LowerBrazosLittleBrazos
items/ebfe/93eef8916bff25e35fa247f9dbbd723e/MUD_CREEK_TRIB_7_2.json	ble_12070101_LowerBrazosLittleBrazos
items/ebfe/946b87fe61fc1521a89d8802226a22a3/UNT_316_in_Deer_Creek_Watershed.json	ble_12070101_LowerBrazosLittleBrazos
items/ebfe/94927ac06fd3d8f75c811c7fe6d78b77/UNT_065_in_Deer_Creek_Watershed.json	ble_12070101_LowerBrazosLittleBrazos
items/ebfe/94a19aea6752cb93d8bb198c218c5f53/UNT_053_in_Cedar_Creek_Watershed.json	ble_12070101_LowerBrazosLittleBrazos
items/ebfe/94cb39384679e71ecc8cf655b877c45a/UNT016_IN_PNCR.json	ble_11140101_Boisd_ArcIsland
items/ebfe/94f2c47d3ac539083e81a3cce09210bc/UNT_56_in_Beason_Cr_Watershed.json	ble_12070101_LowerBrazosLittleBrazos
items/ebfe/94f4b230560406a59d71bf21b1acf970/UNT_062_in_LBR_Watershed.json	ble_12070101_LowerBrazosLittleBrazos
items/ebfe/950f0b98f62b104597860323567ef397/SANDY_BRANCH.json	ble_12070101_LowerBrazosLittleBrazos
items/ebfe/9536d31462c76821a60133dc6a9bb1ca/UNT075_IN_GBRR.json	ble_11140101_Boisd_ArcIsland
items/ebfe/953cfb5c6caef488ed3498a8bcd66c04/UNT077_IN_CHCR.json	ble_11140101_Boisd_ArcIsland
items/ebfe/95749e41e56c4ee5bd98fac55ecb1ec8/POST_OAK_CREEK.json	ble_11140101_Boisd_ArcIsland
items/ebfe/95a099eb74dc2631304a660c56bcec4c/UNT_073_in_New_Year_Cr_Watershed.json	ble_12070101_LowerBrazosLittleBrazos
items/ebfe/95b53b1100ea684fa8bfed72ec06cc54/SANDY_CREEK_NORTH.json	ble_12070101_LowerBrazosLittleBrazos
items/ebfe/95b8028f089e18ab1e5430bad167d82e/UNT018_IN_PNCR.json	ble_11140101_Boisd_ArcIsland
items/ebfe/95c3335fd6482ece14e2a41f1c6cc54f/UNT048_IN_ISLB.json	ble_11140101_Boisd_ArcIsland
items/ebfe/95c657378ea62d4b1024fdc841fa06ff/UNT_101_in_Beason_Cr_Watershed.json	ble_12070101_LowerBrazosLittleBrazos
items/ebfe/95d0148356d33bcf59bbd88b4f409973/UNT0236_IN_SCRR.json	ble_11140101_Boisd_ArcIsland
items/ebfe/95df15ba1aa220b2c29603b1badac056/BURNS_BRANCH.json	ble_12070101_LowerBrazosLittleBrazos
items/ebfe/961a809501c5ea6ea2e47e2ba2e3a99c/UNT_031_in_New_Year_Cr_Watershed.json	ble_12070101_LowerBrazosLittleBrazos
items/ebfe/961da7b32c11f785e019c13d5b37112d/DUNN_CREEK_TRIB_6_2.json	ble_12070101_LowerBrazosLittleBrazos
items/ebfe/9626ff37ef9fea32cf28d13236fc4050/UNT00383_IN_CHCR.json	ble_11140101_Boisd_ArcIsland
items/ebfe/96446f859e187c3dbbffd2d2c9b792e7/ELM_CREEK.json	ble_12070101_LowerBrazosLittleBrazos
items/ebfe/9660fd0ecb52c67eefae53f04e3b8580/UNT_061_in_LBR_Watershed.json	ble_12070101_LowerBrazosLittleBrazos
items/ebfe/96a4f8d9b9e2f0ab15bb1334200cdc3a/SLOANS_CREEK.json	ble_11140101_Boisd_ArcIsland
items/ebfe/96d2ca8df9a50d87ed4dee13082e89e5/UNT_001_in_New_Year_Cr_Watershed.json	ble_12070101_LowerBrazosLittleBrazos
items/ebfe/96e16174550baa30329ef4fdd07e2d3e/UNT006_IN_GBRR.json	ble_11140101_Boisd_ArcIsland
items/ebfe/96e180c3d8a319d68a255149ad2a87ae/UNT_406_IN_BDAR.json	ble_11140101_Boisd_ArcIsland
items/ebfe/96fe327b147d7170ac6ddd0c22ae2e98/UNT071_IN_GBRR.json	ble_11140101_Boisd_ArcIsland
items/ebfe/971f510cd9e0e67a5d21eaef2f8c3137/UNT_221_IN_BDAR.json	ble_11140101_Boisd_ArcIsland
items/ebfe/97306d03e0d663e3ef2d772ca1480edc/West_Sandy_Creek.json	ble_12070101_LowerBrazosLittleBrazos
items/ebfe/974b68a5b524bffb2ae86fc3ddd21440/UNT_205_in_Old_River_Watershed.json	ble_12070101_LowerBrazosLittleBrazos
items/ebfe/975b67d161af92cbcb217a752d594888/UNT00739_IN_SCRR.json	ble_11140101_Boisd_ArcIsland
items/ebfe/97969da02cf2417e8184d78bfd800a09/UNT00835_IN_SCRR.json	ble_11140101_Boisd_ArcIsland
items/ebfe/97a18b36a88c376efc4bab9803442ddc/GNATS_CR_TRIB_1.json	ble_12070101_LowerBrazosLittleBrazos
items/ebfe/97a9e2fe00c1924e96cd9c61a53df478/UNT061_IN_SNCR.json	ble_11140101_Boisd_ArcIsland
items/ebfe/9814ce55bdd2b76cab00d45e88b5d3bd/UNT_096_in_Deer_Creek_Watershed.json	ble_12070101_LowerBrazosLittleBrazos
items/ebfe/983a1b5020059b30c6dd223f402360ca/UNT_071_in_Cedar_Creek_Watershed.json	ble_12070101_LowerBrazosLittleBrazos
items/ebfe/98482d9a20fa39376e6ac6aefb6cf39d/UNT_074_IN_BDAR.json	ble_11140101_Boisd_ArcIsland
items/ebfe/986772b3aa4af5bfb8581eee3832c15e/UNT_306_in_Deer_Creek_Watershed.json	ble_12070101_LowerBrazosLittleBrazos
items/ebfe/98b26cac3f204ad1806d38602c666d9a/UNT_013_in_BCBC_Watershed.json	ble_12070101_LowerBrazosLittleBrazos
items/ebfe/98b72fc32f633b7c42ba5e5a1f085a3f/UNT_098_in_Old_River_Watershed.json	ble_12070101_LowerBrazosLittleBrazos
items/ebfe/98c0ccee06e4439fb71b45c4ed68577c/HONEY_GROVE_CREEK.json	ble_11140101_Boisd_ArcIsland
items/ebfe/98cbb944ff9f38cfcef7d382d9ab2480/UNT_050_in_LBR_Watershed.json	ble_12070101_LowerBrazosLittleBrazos
items/ebfe/9901d66e8d61c4b374f816c01b4b5222/UNT013_IN_SNCR.json	ble_11140101_Boisd_ArcIsland
items/ebfe/9930d9e5559fc4f53a0d2f574eae4d25/UNT065_IN_ISLB.json	ble_11140101_Boisd_ArcIsland
items/ebfe/993996e9f9ea36f238bab82cc626b84e/UNT082_IN_PNCR.json	ble_11140101_Boisd_ArcIsland
items/ebfe/9958d57f0c4c255ceb160f3b7809018d/UNT_014_IN_TCRR.json	ble_11140101_Boisd_ArcIsland
items/ebfe/996d588977c75d21b51384919f738264/ELM_GROVE_CREEK.json	ble_12070101_LowerBrazosLittleBrazos
items/ebfe/9976c7dd7e33c091e776c6e650ce9d87/LITTLE_GRASSY_CREEK.json	ble_12070101_LowerBrazosLittleBrazos
items/ebfe/997bba5d19704ea254ae83c9e20e20f7/UNT011_IN_GBRR.json	ble_11140101_Boisd_ArcIsland
items/ebfe/9987ff9f7b766ead757c90a08ecc314d/UNT_090_in_Deer_Creek_Watershed.json	ble_12070101_LowerBrazosLittleBrazos
items/ebfe/998e152133fe7e073cc2d1db362cbe72/KOONTZ_BAYOU.json	ble_12070101_LowerBrazosLittleBrazos
items/ebfe/99d1dc5c76e7d97e2387b5540ff5919a/MURPHY_CREEK.json	ble_11140101_Boisd_ArcIsland
items/ebfe/99eca2c9c6e6ae807b0ad93eed7a2788/UNT_76_in_Beason_Cr_Watershed.json	ble_12070101_LowerBrazosLittleBrazos
items/ebfe/99fe6b576a870d2dc34a47f84b658f45/UNT_017_IN_TCRR.json	ble_11140101_Boisd_ArcIsland
items/ebfe/9a01656336763a5645bb76c7f41af92b/UNT_044_IN_TCRR.json	ble_11140101_Boisd_ArcIsland
items/ebfe/9a01c0eeeb4aa0a794fd6b1873aef2a1/UNT_029_in_PCW.json	ble_12070101_LowerBrazosLittleBrazos
items/ebfe/9a070686ee12abc698a9d3b7a2f25b6d/DARTING_MINNOW_CREEK.json	ble_12070101_LowerBrazosLittleBrazos
items/ebfe/9a0d3267b14ee3d8ccbf14bd25ac4102/LITTLE_MUD_CREEK_TRIB_9.json	ble_12070101_LowerBrazosLittleBrazos
items/ebfe/9a1309b512f3a7c3d9310c57adf91250/BIG_WILLOW_CR_TRIB_9.json	ble_12070101_LowerBrazosLittleBrazos
items/ebfe/9a2a166079f89f69f984284107179b65/UNT_186_IN_BDAR.json	ble_11140101_Boisd_ArcIsland
items/ebfe/9a47960a96f44df5aa3b266931a049bf/UNT078_IN_CHCR.json	ble_11140101_Boisd_ArcIsland
items/ebfe/9a63f5f4c6282e8c4fce33b044bfc7c9/UNT_214_IN_BDAR.json	ble_11140101_Boisd_ArcIsland
items/ebfe/9a7b7865fc00fb361467d4ff65212a0e/UNT_090_in_New_Year_Cr_Watershed.json	ble_12070101_LowerBrazosLittleBrazos
items/ebfe/9a9d1161c0f25a4e6bf89a633a1ed662/UNT_007_in_New_Year_Cr_Watershed.json	ble_12070101_LowerBrazosLittleBrazos
items/ebfe/9ad1e7d084f8d3630f445a83a84ff046/SANDY_CREEK.json	ble_12070101_LowerBrazosLittleBrazos
items/ebfe/9b2c7b8663f9151610f67eddeed3620d/DEEP_CREEK.json	ble_12070101_LowerBrazosLittleBrazos
items/ebfe/9b54d6a6ce5c975d9865385c4e702631/UNT_040_in_New_Year_Cr_Watershed.json	ble_12070101_LowerBrazosLittleBrazos
items/ebfe/9b5fac6361695f34aa06cf2499232d2c/UNT_144_in_New_Year_Cr_Watershed.json	ble_12070101_LowerBrazosLittleBrazos
items/ebfe/9b6bd74c40d7e9ebf443342658d6764b/UNT597_IN_CHCR.json	ble_11140101_Boisd_ArcIsland
items/ebfe/9b83ce1123b66298de93ddab7a47130f/UNT0099_IN_CHCR.json	ble_11140101_Boisd_ArcIsland
items/ebfe/9b8bfb3c6b33ad7e331118a990f722c3/UNT_043_in_Cedar_Creek_Watershed.json	ble_12070101_LowerBrazosLittleBrazos
items/ebfe/9bc7f67e1a7e63638037f064d5e323b2/UNT_195_in_Old_River_Watershed.json	ble_12070101_LowerBrazosLittleBrazos
items/ebfe/9bcfab7e79c798932f580a7ebff95087/UNT_105_in_Old_River_Watershed.json	ble_12070101_LowerBrazosLittleBrazos
items/ebfe/9c1db979bc74b791818feaf82c7e445c/UNT_090_IN_TCRR.json	ble_11140101_Boisd_ArcIsland
items/ebfe/9c23c1c051920878d9116d00764d3c54/UNT_225_in_Old_River_Watershed.json	ble_12070101_LowerBrazosLittleBrazos
items/ebfe/9c2d58ac927d90463e80d714e6861cd8/UNT027_IN_CHCR.json	ble_11140101_Boisd_ArcIsland
items/ebfe/9c2dee4cb20be4fc26979e2f2417f2fb/UNT096_IN_PNCR.json	ble_11140101_Boisd_ArcIsland
items/ebfe/9c67d76f3a36cac3483951a5fd61f9f2/MUD_CREEK_TRIB_6_2.json	ble_12070101_LowerBrazosLittleBrazos
items/ebfe/9c73167c58151947803f378b256ccb4a/UNT_118_IN_TCRR.json	ble_11140101_Boisd_ArcIsland
items/ebfe/9cbe745a58a55bc14d6105a965c53558/UNT00950_IN_SCRR.json	ble_11140101_Boisd_ArcIsland
items/ebfe/9cdf608eaf495c449f50bab3b15a6d53/UNT_195_in_Beason_Cr_Watershed.json	ble_12070101_LowerBrazosLittleBrazos
items/ebfe/9cf75d029b6dd8f08a3bbffb069f0709/UNT_100_IN_BDAR.json	ble_11140101_Boisd_ArcIsland
items/ebfe/9cfb3103b466be1589c455ab29a85e6e/CAMPBELLS_CREEK_TRIB_10.json	ble_12070101_LowerBrazosLittleBrazos
items/ebfe/9d14a0565182069fcdf6943ad83326bc/UNT071_IN_SNCR.json	ble_11140101_Boisd_ArcIsland
items/ebfe/9d1dd53eaa0c3f9b8daf08ed1ab05235/UNT_126_in_Cedar_Creek_Watershed.json	ble_12070101_LowerBrazosLittleBrazos
items/ebfe/9d214daac12021804e11cf95e232d70e/UNT_191_in_Beason_Cr_Watershed.json	ble_12070101_LowerBrazosLittleBrazos
items/ebfe/9d4aa662e12ce9c675b3645b90d5eae0/BEE_BR_W_TRIB_15.json	ble_12070101_LowerBrazosLittleBrazos
items/ebfe/9d616c7c2500d6a315eece42e8fbd871/LBR_TRIB_38.json	ble_12070101_LowerBrazosLittleBrazos
items/ebfe/9d68a475c75f507f30490c13bd372ffa/MIDDLE_FORK_BERGER_CREEK.json	ble_11140101_Boisd_ArcIsland
items/ebfe/9d6e3f044578cb0c5cc1083190e66470/UNT_143_in_Beason_Cr_Watershed.json	ble_12070101_LowerBrazosLittleBrazos
items/ebfe/9d742f16d32f4c388ff0e807a887cd78/SAND_CREEK.json	ble_11140101_Boisd_ArcIsland
items/ebfe/9d8e9ca82ac86abb888785d0eda9ad2a/UNT_086_in_Cedar_Creek_Watershed.json	ble_12070101_LowerBrazosLittleBrazos
items/ebfe/9dc5f1097313014efb6bb4126772d729/UNT025_IN_CHCR.json	ble_11140101_Boisd_ArcIsland
items/ebfe/9de28c3e9b8671ba66cb4b7bea3fd06a/UNT_142_in_Deer_Creek_Watershed.json	ble_12070101_LowerBrazosLittleBrazos
items/ebfe/9df861781becd83318b676eb364de566/UNT_106_in_Deer_Creek_Watershed.json	ble_12070101_LowerBrazosLittleBrazos
items/ebfe/9e3d7188918f538cdaba2b20707e5018/North_Cow_Bayou.json	ble_12070101_LowerBrazosLittleBrazos
items/ebfe/9e6bd0daf5ef9af14013437a1b5d801b/CEDAR_CREEK.json	ble_12070101_LowerBrazosLittleBrazos
items/ebfe/9ea95793e86c5c498b730242a0a5eb81/UNT_109_IN_BDAR.json	ble_11140101_Boisd_ArcIsland
items/ebfe/9ee033238c565bda5f16372611d5b1e2/UNT_187_in_Old_River_Watershed.json	ble_12070101_LowerBrazosLittleBrazos
items/ebfe/9ef69b4ab74f8b968adba3a73d252b2e/UNT_140_in_Beason_Cr_Watershed.json	ble_12070101_LowerBrazosLittleBrazos
items/ebfe/9f2a590f6c764044c4b3a49919d8208c/HENSON_CREEK.json	ble_11140101_Boisd_ArcIsland
items/ebfe/9f4036e0c3051786c40590b8b009afb8/LITTLE_SAND_CREEK.json	ble_11140101_Boisd_ArcIsland
items/ebfe/9f5c0783004d97c6eed4bd4d1be9bb2f/UNT_033_in_New_Year_Cr_Watershed.json	ble_12070101_LowerBrazosLittleBrazos
items/ebfe/9f62a79067892ff0c9fe1b9ce2128613/UNT_128_in_Cedar_Creek_Watershed.json	ble_12070101_LowerBrazosLittleBrazos
items/ebfe/9f6c3dc4263a16712b3d3efa693e8ced/RICE_CREEK.json	ble_11140101_Boisd_ArcIsland
items/ebfe/9f7fd3b03f4f9559be7f3ae620ad635f/UNT_067_in_Cedar_Creek_Watershed.json	ble_12070101_LowerBrazosLittleBrazos
items/ebfe/9f86ea23a06eecf86b10b1b243540884/UNT_207_in_Old_River_Watershed.json	ble_12070101_LowerBrazosLittleBrazos
items/ebfe/9fa0599c05d034719935f877c2d249b0/UNT058_IN_SNCR.json	ble_11140101_Boisd_ArcIsland
items/ebfe/9fb510619a65dc84e60140e54f90c5eb/UNT080_IN_CHCR.json	ble_11140101_Boisd_ArcIsland
items/ebfe/9fe22b083c4d6e9fe2eaaa40dda8012c/UNT051_IN_ISLB.json	ble_11140101_Boisd_ArcIsland
items/ebfe/a010edd283f7dbc22be8f5a0618ad8e6/ELWOOD_CREEK.json	ble_11140101_Boisd_ArcIsland
items/ebfe/a04418a8ba82bf070ae7a1f53e03959b/UNT_087_in_BCBC_Watershed.json	ble_12070101_LowerBrazosLittleBrazos
items/ebfe/a047cbf5c57833052ae7474d8188fceb/UNT_157_in_Old_River_Watershed.json	ble_12070101_LowerBrazosLittleBrazos
items/ebfe/a05150b0df01181675e0602b53c6b91a/Still_Creek_Tributary_B.json	ble_12070101_LowerBrazosLittleBrazos
items/ebfe/a068f8478437c7ba8fd4af03f86012bd/UNT_097_in_Old_River_Watershed.json	ble_12070101_LowerBrazosLittleBrazos
items/ebfe/a06e9b47f8f878706d61a04ea2930941/UNT_136_in_New_Year_Cr_Watershed.json	ble_12070101_LowerBrazosLittleBrazos
items/ebfe/a06f3b00cbbe0e4ba239b2db82d0d244/LBR_TRIB_36.json	ble_12070101_LowerBrazosLittleBrazos
items/ebfe/a08dbb1750414072ce847e448945ef43/TANBARK_CREEK.json	ble_11140101_Boisd_ArcIsland
items/ebfe/a0d170c076e21eda5b78266ba0834031/UNT040_IN_SNCR.json	ble_11140101_Boisd_ArcIsland
items/ebfe/a10085dbb8a2df179f4799c6654359e3/UNT_221_in_Old_River_Watershed.json	ble_12070101_LowerBrazosLittleBrazos
items/ebfe/a119d25d4c1998b4de2ea309e427592e/SESSUMS_BRANCH.json	ble_12070101_LowerBrazosLittleBrazos
items/ebfe/a11ea6a094a18480c4c96f7777b89682/UNT_116_IN_TCRR.json	ble_11140101_Boisd_ArcIsland
items/ebfe/a128b9e849ab7a7c8a9890f48c50cdae/UNT_143_in_Old_River_Watershed.json	ble_12070101_LowerBrazosLittleBrazos
items/ebfe/a1373f21b9184233aa4e8a54b387a1ab/SHEEP_CREEK.json	ble_11140101_Boisd_ArcIsland
items/ebfe/a15688ca2e5e2d9c90f5fe0f7c092314/UNT066_IN_PNCR.json	ble_11140101_Boisd_ArcIsland
items/ebfe/a15f3e795e29cab20f695d2684ca0e3c/VALLEY_CREEK.json	ble_11140101_Boisd_ArcIsland
items/ebfe/a16c075b8387a23d28ddd469b259aaf7/UNT078_IN_PNCR.json	ble_11140101_Boisd_ArcIsland
items/ebfe/a1980735763598bd2b78543e53fbbd57/UNT_259_in_Deer_Creek_Watershed.json	ble_12070101_LowerBrazosLittleBrazos
items/ebfe/a1b5f2b3101bff1635a2d6e14b26c007/UNT081_IN_GBRR.json	ble_11140101_Boisd_ArcIsland
items/ebfe/a1d761f533c2664e0d0f2709d757b0c4/DENTON_VALLEY_BRANCH.json	ble_12070101_LowerBrazosLittleBrazos
items/ebfe/a1d9b755d2cb714e69878ab517982dd1/UNT073_IN_PNCR.json	ble_11140101_Boisd_ArcIsland
items/ebfe/a1da42c885f6ba17b963c5775c40b3cf/UNT_139_IN_BDAR.json	ble_11140101_Boisd_ArcIsland
items/ebfe/a1de72da70471655ed06e52808d1e1bc/UNT_062_in_New_Year_Cr_Watershed.json	ble_12070101_LowerBrazosLittleBrazos
items/ebfe/a1e5146fb206481b77db4fe0dfbab96c/UNT147_IN_CHCR.json	ble_11140101_Boisd_ArcIsland
items/ebfe/a1fd3d0c0b9f8d9a3778395de45434d0/UNT_043_in_PCW.json	ble_12070101_LowerBrazosLittleBrazos
items/ebfe/a22567546efde57999341eb395fddbe2/UNT137_IN_CHCR.json	ble_11140101_Boisd_ArcIsland
items/ebfe/a23ad869d903990e480476db08b4a125/UNT_200_in_Old_River_Watershed.json	ble_12070101_LowerBrazosLittleBrazos
items/ebfe/a2a4683e0f222c132400e274c95422fe/UNT_045_in_BCBC_Watershed.json	ble_12070101_LowerBrazosLittleBrazos
items/ebfe/a2b46dc3a7cf80cfdf36385c5f58f519/UNT088_IN_PNCR.json	ble_11140101_Boisd_ArcIsland
items/ebfe/a2dfc9c90fbb38cd4ae4487c7f6ac786/UNT_197_in_Old_River_Watershed.json	ble_12070101_LowerBrazosLittleBrazos
items/ebfe/a2eddf9de1603f45d9cf2a7b74281218/DOSS_CREEK.json	ble_11140101_Boisd_ArcIsland
items/ebfe/a2fbbd76a27a756505d4b9662a6ffc23/UNT_085_in_New_Year_Cr_Watershed.json	ble_12070101_LowerBrazosLittleBrazos
items/ebfe/a306ef4b01a73516b7a33901c258a102/UNT_120_in_Beason_Cr_Watershed.json	ble_12070101_LowerBrazosLittleBrazos
items/ebfe/a30a6672ec967397b6fc22aff3ef6cdc/UNT051_IN_PNCR.json	ble_11140101_Boisd_ArcIsland
items/ebfe/a316705ec7c8e202f9e9ecf015d2b264/UNT_076_in_New_Year_Cr_Watershed.json	ble_12070101_LowerBrazosLittleBrazos
items/ebfe/a31ac8515f13688da40d4fcb5ccbd4a8/UNT_196_in_Beason_Cr_Watershed.json	ble_12070101_LowerBrazosLittleBrazos
items/ebfe/a32465b5faf6fa11d8abfcdf5646a1e2/UNT_063_in_LBR_Watershed.json	ble_12070101_LowerBrazosLittleBrazos
items/ebfe/a32553924fa8652e91017daa158f049e/UNT_018_in_LBR_Watershed.json	ble_12070101_LowerBrazosLittleBrazos
items/ebfe/a32b5c430de8ca9acb0de61e86ae7834/COTTONWOOD_CREEK.json	ble_11140101_Boisd_ArcIsland
items/ebfe/a33d4adad4b989d6c2f2b498c570d21e/Cottonwood_Creek.json	ble_12070101_LowerBrazosLittleBrazos
items/ebfe/a33d5716e7dba553c122968985c6e696/UNT_062_IN_TCRR.json	ble_11140101_Boisd_ArcIsland
items/ebfe/a36214d7093fd1f18ac0df83aeb3e324/UNT_117_IN_BDAR.json	ble_11140101_Boisd_ArcIsland
items/ebfe/a3639c70c2e1b48978de1fde5e9bae22/LITTLE_PIN_OAK_CREEK_TRIB_11_2.json	ble_12070101_LowerBrazosLittleBrazos
items/ebfe/a37db123bafb37b648e2fc78ad614427/SANDY_CREEK_NORTH_TRIB_5.json	ble_12070101_LowerBrazosLittleBrazos
items/ebfe/a3a9782075939a39bc89a4b1a541012f/UNT_074_in_Cedar_Creek_Watershed.json	ble_12070101_LowerBrazosLittleBrazos
items/ebfe/a3de36310621c0bbc671d67555e3b0f5/UNT_26_in_Beason_Cr_Watershed.json	ble_12070101_LowerBrazosLittleBrazos
items/ebfe/a42b79d169887230615a3126c55fbb44/UNT_144_in_Old_River_Watershed.json	ble_12070101_LowerBrazosLittleBrazos
items/ebfe/a44cc89247ab170f9c8f5865733ccafb/UNT021_IN_SNCR.json	ble_11140101_Boisd_ArcIsland
items/ebfe/a46b19cc3e98ff52f694ee662157dd02/UNT_064_IN_TCRR.json	ble_11140101_Boisd_ArcIsland
items/ebfe/a4956796b4b65ca085a92a2f9982a1d5/UNT_224_in_Old_River_Watershed.json	ble_12070101_LowerBrazosLittleBrazos
items/ebfe/a4dab210331e1427997ea3752c7c9325/UNT_144_IN_BDAR.json	ble_11140101_Boisd_ArcIsland
items/ebfe/a4f5e75a8d4fdc67f9a9863c32a9448b/UNT064_IN_ISLB.json	ble_11140101_Boisd_ArcIsland
items/ebfe/a4fd2ca7b466fea6b3e22bb78b35c0dc/UNT_170_IN_BDAR.json	ble_11140101_Boisd_ArcIsland
items/ebfe/a504482772420549ad7c68c9672431b9/PIN_OAK_CREEK_SOUTH_TRIB_24.json	ble_12070101_LowerBrazosLittleBrazos
items/ebfe/a5096a1e99492f89e9cc7f3411af288a/UNT_051_in_BCBC_Watershed.json	ble_12070101_LowerBrazosLittleBrazos
items/ebfe/a50c9b6e610d3fcac3301f6ac26dd02f/CAMPBELLS_CREEK_TRIB_9.json	ble_12070101_LowerBrazosLittleBrazos
items/ebfe/a5105100a422ef846a4246b761fd36d0/UNT_097_in_Deer_Creek_Watershed.json	ble_12070101_LowerBrazosLittleBrazos
items/ebfe/a51b5d02552794ad055dc8125cfff239/UNT_004_IN_BDAR.json	ble_11140101_Boisd_ArcIsland
items/ebfe/a55426897e60ac3a8dc43c9ab15ec35a/Still_Creek_Tributary_A.json	ble_12070101_LowerBrazosLittleBrazos
items/ebfe/a55dba7df4f2228aa9ac8e591f27f3fd/UNT_047_in_New_Year_Cr_Watershed.json	ble_12070101_LowerBrazosLittleBrazos
items/ebfe/a57724a001f97244795e0fc84b88c305/FORD_CREEK.json	ble_11140101_Boisd_ArcIsland
items/ebfe/a59b3ccd8295e2b4f32ad8e37421658b/UNT_107_in_Old_River_Watershed.json	ble_12070101_LowerBrazosLittleBrazos
items/ebfe/a5bed1c73c3dbff665d977f530cd0a7d/UNT_174_in_Old_River_Watershed.json	ble_12070101_LowerBrazosLittleBrazos
items/ebfe/a5da6a7643f4bb55a5bb1abb87d3d2cf/UNT056_IN_CHCR.json	ble_11140101_Boisd_ArcIsland
items/ebfe/a604274d3c816b9522455a8220fe65b4/LITTLE_BRAZOS_RIVER_TRIB_7_1.json	ble_12070101_LowerBrazosLittleBrazos
items/ebfe/a646a8c1cf073afd99618890623218dc/CHAIR_BRANCH_TRIBUTARY_9.json	ble_12070101_LowerBrazosLittleBrazos
items/ebfe/a647b252663b559d3cc5676798f0e368/UNT010_IN_SNCR.json	ble_11140101_Boisd_ArcIsland
items/ebfe/a6a053f425f42f14031297caeecd9e44/UNT_OF_WOODWARD_CREEK.json	ble_12070101_LowerBrazosLittleBrazos
items/ebfe/a6b8de18bbe9a0fbcb862a5c1a91eb5a/UNT_215_in_Old_River_Watershed.json	ble_12070101_LowerBrazosLittleBrazos
items/ebfe/a6be72d41892a10a22cad25ab56980d0/BIG_WILLOW_CR_TRIB_18.json	ble_12070101_LowerBrazosLittleBrazos
items/ebfe/a6caa3982a839ff49d65e3a5dd281567/UNT011_IN_PNCR.json	ble_11140101_Boisd_ArcIsland
items/ebfe/a6e220d10fba9f4f616d52ab5e08afa3/UNT057_IN_GBRR.json	ble_11140101_Boisd_ArcIsland
items/ebfe/a70ff9fa9003cb9d7183b884ff0e083b/ALLIGATOR_CREEK_TRIBUTARY_4_5.json	ble_12070101_LowerBrazosLittleBrazos
items/ebfe/a72dc1487ebd87366a37dca7f17b7efc/UNT_096_in_Cedar_Creek_Watershed.json	ble_12070101_LowerBrazosLittleBrazos
items/ebfe/a73b65332f476a266f259d52589f5e6e/SPRING_CREEK_TRIB_22.json	ble_12070101_LowerBrazosLittleBrazos
items/ebfe/a73c579fe43bc475f50c8d1623aa7f3b/UNT_132_in_Old_River_Watershed.json	ble_12070101_LowerBrazosLittleBrazos
items/ebfe/a77e49b60cc80de60c542e64e07d7fba/ALLIGATOR_CREEK_TRIBUTARY_4_4.json	ble_12070101_LowerBrazosLittleBrazos
items/ebfe/a78b1e537e02bc36c6e05cbeabc27562/BARTON_BR_E_TRIB_3.json	ble_12070101_LowerBrazosLittleBrazos
items/ebfe/a79a909308cdece92cdd8a43cad0cf44/UNT128_IN_CHCR.json	ble_11140101_Boisd_ArcIsland
items/ebfe/a79d1c58f92a7c3115a846180253c2e5/UNT_070_in_Cedar_Creek_Watershed.json	ble_12070101_LowerBrazosLittleBrazos
items/ebfe/a7b82897ac1978617b5a902f66ece292/UNT_196_in_Deer_Creek_Watershed.json	ble_12070101_LowerBrazosLittleBrazos
items/ebfe/a7ff587cfc1bf0eb3265cc6a703e9a30/UNT_012_IN_BDAR.json	ble_11140101_Boisd_ArcIsland
items/ebfe/a808556cc2cfc48f9134a8638c1a313a/UNT_152_in_Beason_Cr_Watershed.json	ble_12070101_LowerBrazosLittleBrazos
items/ebfe/a844c0af3840cd42867ed43280bfedea/UNT00895_IN_SCRR.json	ble_11140101_Boisd_ArcIsland
items/ebfe/a84bd20fbd5113066277847cf6e68d43/UNT_067_in_Deer_Creek_Watershed.json	ble_12070101_LowerBrazosLittleBrazos
items/ebfe/a87b6b08a7e3c4ab8d5c00817ebc0a1a/UNT066_IN_GBRR.json	ble_11140101_Boisd_ArcIsland
items/ebfe/a8a6f4ac55b5fb37784f2d54a40f6f72/UNT00316_IN_CHCR.json	ble_11140101_Boisd_ArcIsland
items/ebfe/a8afe027b00d09fc69189cc5176fde4e/UNT112_IN_CHCR.json	ble_11140101_Boisd_ArcIsland
items/ebfe/a8ed7f358bc66bfd16aa5f9555174ed5/UNT_051_in_Deer_Creek_Watershed.json	ble_12070101_LowerBrazosLittleBrazos
items/ebfe/a8fea03b121ffd57c500d58451a74d0b/UNT059_IN_CHCR.json	ble_11140101_Boisd_ArcIsland
items/ebfe/a903036fa1b81d8d5d1e61a899897e9e/BLANTON_CREEK.json	ble_11140101_Boisd_ArcIsland
items/ebfe/a9341381041294038dc7f1ccb76bdfbf/UNT_58_in_Beason_Cr_Watershed.json	ble_12070101_LowerBrazosLittleBrazos
items/ebfe/a985ab056fd4ebb70dcf23bb7a73717c/Perry_Creek.json	ble_12070101_LowerBrazosLittleBrazos
items/ebfe/a989d9a399c279ef042a436c16e800d7/UNT_96_in_Beason_Cr_Watershed.json	ble_12070101_LowerBrazosLittleBrazos
items/ebfe/a996bb4cbd9cb849aaa0cf1e5ddcaf74/UNT056_IN_PNCR.json	ble_11140101_Boisd_ArcIsland
items/ebfe/a9ad54460be6423d260e662521c034b6/GRASSY_CREEK.json	ble_12070101_LowerBrazosLittleBrazos
items/ebfe/a9b644fa3bc9f7ab2dac5baeab898454/UNT_224_in_Deer_Creek_Watershed.json	ble_12070101_LowerBrazosLittleBrazos
items/ebfe/a9f912f7b39369b5ae5ad3b5c4b4dd08/STILLHOUSE_CREEK_TRIB_NO_18.json	ble_11140101_Boisd_ArcIsland
items/ebfe/aa2bfc78356ee4b9f4960c341a464b92/PIN_OAK_CREEK_SOUTH_TRIB_22.json	ble_12070101_LowerBrazosLittleBrazos
items/ebfe/aa4baa7bea90d3e3ee3ca2bca7acbb84/UNT_193_in_Old_River_Watershed.json	ble_12070101_LowerBrazosLittleBrazos
items/ebfe/aa54ec408fe68412e023f2d3ebd619d7/CAMPBELLS_CREEK_TRIB_7.json	ble_12070101_LowerBrazosLittleBrazos
items/ebfe/aa9357cc1586eedcc97d3f440f1f13dc/UNT_076_in_Cedar_Creek_Watershed.json	ble_12070101_LowerBrazosLittleBrazos
items/ebfe/aaae4feaaa340f0773f11a5cc1e6d3b5/UNT_017_in_LBR_Watershed.json	ble_12070101_LowerBrazosLittleBrazos
items/ebfe/aada7709317168a5dc8512d351fcf597/UNT_215_IN_BDAR.json	ble_11140101_Boisd_ArcIsland
items/ebfe/aade56fdb21796db267dd9dedc61964b/ALLIGATOR_CREEK_TRIBUTARY_2.json	ble_12070101_LowerBrazosLittleBrazos
items/ebfe/ab67ed20d656e26728f0df82758fab51/UNT_37_in_Beason_Cr_Watershed.json	ble_12070101_LowerBrazosLittleBrazos
items/ebfe/ab76d1c15c1c9898b733d8c9b25075b9/SOUTH_WNC_TRIB_21_5.json	ble_12070101_LowerBrazosLittleBrazos
items/ebfe/ab780d7a83c100e2b193f60bfd9fe4bd/UNT_025_in_Deer_Creek_Watershed.json	ble_12070101_LowerBrazosLittleBrazos
items/ebfe/ab8454a5077f189a68860419e4f317b9/UNT064_IN_PNCR.json	ble_11140101_Boisd_ArcIsland
items/ebfe/ab952520fbf66833f538347d6ee4fe0c/UNT061_IN_ISLB.json	ble_11140101_Boisd_ArcIsland
items/ebfe/ab959519174d74309a1f012b2bcfe52b/PEACH_CREEK_NORTH_TRIB_1.json	ble_12070101_LowerBrazosLittleBrazos
items/ebfe/aba0681d3cb0f3ce21514d0fa7cc8980/WEST_FORK_BERGER_CREEK.json	ble_11140101_Boisd_ArcIsland
items/ebfe/abe286b1a8ed1c5b85a5feb52770420c/LITTLE_PIN_OAK_CREEK_TRIB_5.json	ble_12070101_LowerBrazosLittleBrazos
items/ebfe/ac009e99611e7c59e4728da9693e07e7/WALNUT_CR.json	ble_12070101_LowerBrazosLittleBrazos
items/ebfe/ac31c9c1bae59333aa34ce40891a6dd8/BOIS_DARC_CREEK.json	ble_11140101_Boisd_ArcIsland
items/ebfe/ac342c131b65f8e26a478312442b4146/UNT_068_in_New_Year_Cr_Watershed.json	ble_12070101_LowerBrazosLittleBrazos
items/ebfe/ac5c3b8e346e744b0b98ddad2c7c5cce/UNT081_IN_PNCR.json	ble_11140101_Boisd_ArcIsland
items/ebfe/ac77fc80d0a1b7d10ced9209f6cb7e0a/BLACK_BRANCH.json	ble_11140101_Boisd_ArcIsland
items/ebfe/acd1c782c3495b269e93121fa6365e67/KNOX_BRANCH_TRIB_1.json	ble_12070101_LowerBrazosLittleBrazos
items/ebfe/ace1dbff72004b50576cc3e10ef34713/UNT00946_IN_SCRR.json	ble_11140101_Boisd_ArcIsland
items/ebfe/ad027a537be79fb92cf55b552a7b1b80/UNT_135_in_Old_River_Watershed.json	ble_12070101_LowerBrazosLittleBrazos
items/ebfe/ad107056c15598f3a03d57b806a34da1/UNT_163_in_Old_River_Watershed.json	ble_12070101_LowerBrazosLittleBrazos
items/ebfe/ad145a2fcdcd1fd4fa433465324f608b/UNT_129_IN_BDAR.json	ble_11140101_Boisd_ArcIsland
items/ebfe/ad3f661138b6d0ab38116f1eea879b80/UNT_019_in_New_Year_Cr_Watershed.json	ble_12070101_LowerBrazosLittleBrazos
items/ebfe/ad503d21f7aa7bccdd33d24f919d8a7c/UNT_089_in_BCBC_Watershed.json	ble_12070101_LowerBrazosLittleBrazos
items/ebfe/ad671dbd6121285e9c33520ad2d049a9/UNT_024_in_PCW.json	ble_12070101_LowerBrazosLittleBrazos
items/ebfe/ad7a8f10181c24f8649b49ad76c0df0f/ALLIGATOR_CREEK_TRIBUTARY_4_6.json	ble_12070101_LowerBrazosLittleBrazos
items/ebfe/ad83e0715f5663892fd651765ebd4d4c/UNT_153_in_Old_River_Watershed.json	ble_12070101_LowerBrazosLittleBrazos
items/ebfe/ada7cacfc2a0ece0ba931c93a618d90a/UNT_48_in_Beason_Cr_Watershed.json	ble_12070101_LowerBrazosLittleBrazos
items/ebfe/adf37644852503468c68d5e5d2b19f14/UNT01030_IN_SCRR.json	ble_11140101_Boisd_ArcIsland
items/ebfe/adf462ec9fa18b29544d4c6b8eed0423/UNT003_IN_ISLB.json	ble_11140101_Boisd_ArcIsland
items/ebfe/adf4972def36b8fa5203183174ca6a7b/LITTLE_MUD_CREEK_EAST_TRIB_1_1.json	ble_12070101_LowerBrazosLittleBrazos
items/ebfe/ae133577d2b3501c9ccb2ea676c115c3/UNT046_IN_PNCR.json	ble_11140101_Boisd_ArcIsland
items/ebfe/ae164383205590af143d17f1d0a6fd26/UNT_61_in_Beason_Cr_Watershed.json	ble_12070101_LowerBrazosLittleBrazos
items/ebfe/ae173867120c5c51649123bc8eb15cc9/CAMPBELLS_CREEK_TRIB_10_1.json	ble_12070101_LowerBrazosLittleBrazos
items/ebfe/ae33fcab1a7ec4ad5299a06ee33ff444/UNT_055_in_New_Year_Cr_Watershed.json	ble_12070101_LowerBrazosLittleBrazos
items/ebfe/ae560c113ac9832b1e8724080d0b8691/LITTLE_MUD_CREEK_TRIB_1.json	ble_12070101_LowerBrazosLittleBrazos
items/ebfe/ae69962cea6f78b2a573d7b073d5e802/UNT00244_IN_CHCR.json	ble_11140101_Boisd_ArcIsland
items/ebfe/ae7404fd30d9daead77bd9e67f4890c5/SAND_BRANCH.json	ble_11140101_Boisd_ArcIsland
items/ebfe/ae77dc9f31e2c7df5458227294d98bf7/UNT_39_in_Beason_Cr_Watershed.json	ble_12070101_LowerBrazosLittleBrazos
items/ebfe/aeb3750d2473aee47c6a8e8d14a6e10e/UNT_167_in_Beason_Cr_Watershed.json	ble_12070101_LowerBrazosLittleBrazos
items/ebfe/aeedb96ede3595c1b395ffb109b3c396/UNT037_IN_SNCR.json	ble_11140101_Boisd_ArcIsland
items/ebfe/af1141be2db02e66716fced138b31c15/UNT_118_in_Old_River_Watershed.json	ble_12070101_LowerBrazosLittleBrazos
items/ebfe/af3fda9c2ec9758122542dd0f0cd25cb/BETTIS_CREEK.json	ble_11140101_Boisd_ArcIsland
items/ebfe/af7b6436bb9cbd74d338e25a2c2c4f03/MOORE_CREEK.json	ble_11140101_Boisd_ArcIsland
items/ebfe/af891a93d202fdb71276399c58502798/UNT_116_in_Beason_Cr_Watershed.json	ble_12070101_LowerBrazosLittleBrazos
items/ebfe/af8ac98db404ea3199b8b4f3160fd2c6/OLD_RIVER_TRIBUTARY_1.json	ble_12070101_LowerBrazosLittleBrazos
items/ebfe/afa28e532ac5f08d5c26d503f6ba7584/UNT_153_in_Beason_Cr_Watershed.json	ble_12070101_LowerBrazosLittleBrazos
items/ebfe/afe19608d7979785c603248e0c372da9/ANTHONY_BRANCH.json	ble_11140101_Boisd_ArcIsland
items/ebfe/afe1bdc60b7ebc1b00bbb125ff0f70bb/UNT_154_in_Old_River_Watershed.json	ble_12070101_LowerBrazosLittleBrazos
items/ebfe/b00b6899aaeebf9c0a04406106e72996/UNT_076_in_BCBC_Watershed.json	ble_12070101_LowerBrazosLittleBrazos
items/ebfe/b029f04aa2f2a81b2a240b9bb76c3a83/UNT_158_in_Old_River_Watershed.json	ble_12070101_LowerBrazosLittleBrazos
items/ebfe/b05d3773044c47fbc7eb2686f54c33d6/UNT_114_IN_TCRR.json	ble_11140101_Boisd_ArcIsland
items/ebfe/b05d57ce615cc14290d0f59fc2bbb92d/PORTER_BRANCH.json	ble_12070101_LowerBrazosLittleBrazos
items/ebfe/b0616e7d4b99e87d464cb0fc918e3ce6/ROCKY_CREEK.json	ble_12070101_LowerBrazosLittleBrazos
items/ebfe/b067353eb0bf8402660bf745df519cab/UNT_206_in_Old_River_Watershed.json	ble_12070101_LowerBrazosLittleBrazos
items/ebfe/b072464c1f9c25de642d3677c1fac1b1/UNT00836_IN_SCRR.json	ble_11140101_Boisd_ArcIsland
items/ebfe/b0754116bc8df319c5f0aa1835e0455b/BIG_SANDY_CR.json	ble_12070101_LowerBrazosLittleBrazos
items/ebfe/b076c5d7fbccbc4ac9394a1ab68ad0b2/UNT_219_IN_BDAR.json	ble_11140101_Boisd_ArcIsland
items/ebfe/b086c42ef3257d48cc22980279587e75/UNT_400_IN_BDAR.json	ble_11140101_Boisd_ArcIsland
items/ebfe/b093b885d56f4ae4a140b89047de69c4/SPRING_CREEK_TRIB_14.json	ble_12070101_LowerBrazosLittleBrazos
items/ebfe/b095416d41ac420c239860482ee894ae/UNT_226_IN_BDAR.json	ble_11140101_Boisd_ArcIsland
items/ebfe/b0d047f28e2a648168dc4ca8358fc303/UNT065_IN_SNCR.json	ble_11140101_Boisd_ArcIsland
items/ebfe/b0f709c1b67831494e2145dc0697564d/UNT_308_IN_TCRR.json	ble_11140101_Boisd_ArcIsland
items/ebfe/b10362e3b7542b9ccc52826db8bad2ba/CAMPBELLS_CREEK_TRIB_1.json	ble_12070101_LowerBrazosLittleBrazos
items/ebfe/b10891b1c33ea9615dbdac6f1eab0c18/UNT_078_in_BCBC_Watershed.json	ble_12070101_LowerBrazosLittleBrazos
items/ebfe/b114716ef95844f51eee248f544164e6/UNT_033_in_Cedar_Creek_Watershed.json	ble_12070101_LowerBrazosLittleBrazos
items/ebfe/b143e2be2e12b7fe54ae62d2c274e6d5/TURKEY_CREEK_TRIBUTARY_20.json	ble_12070101_LowerBrazosLittleBrazos
items/ebfe/b172555c3817c178a927ad1a09463190/UNT086_IN_PNCR.json	ble_11140101_Boisd_ArcIsland
items/ebfe/b1c2a0c8fc96a10ba527c12be71df992/UNT050_IN_CHCR.json	ble_11140101_Boisd_ArcIsland
items/ebfe/b1cfa3224998647c6af98d65237410eb/UNT008_IN_GBRR.json	ble_11140101_Boisd_ArcIsland
items/ebfe/b1ded9c1b1734d969ed4da2b369e474f/UNT_126_in_New_Year_Cr_Watershed.json	ble_12070101_LowerBrazosLittleBrazos
items/ebfe/b1e0d438059cfbd711847a42db48fcfc/UNT_110_in_Deer_Creek_Watershed.json	ble_12070101_LowerBrazosLittleBrazos
items/ebfe/b201fa61e0da91a56eefd97b1af4ad36/UNT042_IN_CHCR.json	ble_11140101_Boisd_ArcIsland
items/ebfe/b2438597596ab366057c72d2fa07c824/UNT_120_IN_BDAR.json	ble_11140101_Boisd_ArcIsland
items/ebfe/b2656ca2995f9c83a954c7347624dfd0/WHITESAND_CREEK.json	ble_11140101_Boisd_ArcIsland
items/ebfe/b26a651ac0ec44b0f01a48e068d65663/DYERS_BRANCH.json	ble_11140101_Boisd_ArcIsland
items/ebfe/b2e67d48d6116d2c2aa4c02ed87434de/UNT039_IN_ISLB.json	ble_11140101_Boisd_ArcIsland
items/ebfe/b2ece70d79eb0e25cb8e4546144bbdaf/UNT_131_in_Old_River_Watershed.json	ble_12070101_LowerBrazosLittleBrazos
items/ebfe/b2eda39cc892f1e50a2373f5107dc57d/UNT010_IN_GBRR.json	ble_11140101_Boisd_ArcIsland
items/ebfe/b326fff7021a91b6cd44655a68c7a51f/UNT_059_in_New_Year_Cr_Watershed.json	ble_12070101_LowerBrazosLittleBrazos
items/ebfe/b347f7739f61ca6ab2fe5efe88c555d6/UNT_80_in_Beason_Cr_Watershed.json	ble_12070101_LowerBrazosLittleBrazos
items/ebfe/b396c746d9fb2c112bf977d07ddabbf6/BLUE_CREEK.json	ble_11140101_Boisd_ArcIsland
items/ebfe/b3ab21e10c5cb8837a3ab865a78bb0fa/UNT_057_in_New_Year_Cr_Watershed.json	ble_12070101_LowerBrazosLittleBrazos
items/ebfe/b3ad1865d26872dc81c2890852157293/UNT101_IN_ISLB.json	ble_11140101_Boisd_ArcIsland
items/ebfe/b3c3b674103c0918a11bc25bdc18a67c/UNT_122_in_New_Year_Cr_Watershed.json	ble_12070101_LowerBrazosLittleBrazos
items/ebfe/b42700bc0a440339eaceaa06abb2f8c6/UNT086_IN_GBRR.json	ble_11140101_Boisd_ArcIsland
items/ebfe/b429431506a33d707c11fa0b018c60ca/UNT_049_IN_BDAR.json	ble_11140101_Boisd_ArcIsland
items/ebfe/b44b02546f5555b91f5c1c0cf322454e/UNT055_IN_GBRR.json	ble_11140101_Boisd_ArcIsland
items/ebfe/b4803d443731b27636cb52a893e7da59/SOUTH_WNC_TRIB_21_3.json	ble_12070101_LowerBrazosLittleBrazos
items/ebfe/b49c0ce21f9727ce4cb0e6e9e2151ad8/CHOCTAW_CREEK.json	ble_11140101_Boisd_ArcIsland
items/ebfe/b4a5d816a780dfd07253c78b37bbd485/UNT_115_in_New_Year_Cr_Watershed.json	ble_12070101_LowerBrazosLittleBrazos
items/ebfe/b4b720c2a98dea398589c3672d9f7f7e/UNT_043_in_Deer_Creek_Watershed.json	ble_12070101_LowerBrazosLittleBrazos
items/ebfe/b4c6a4a8c576881becc3a6dc738fc3f8/CLEVELAND_BRANCH.json	ble_11140101_Boisd_ArcIsland
items/ebfe/b51d9a69aaf37d5373ce990b7f67a4e5/UNT054_IN_ISLB.json	ble_11140101_Boisd_ArcIsland
items/ebfe/b55421f07882061b3659b75ff1987c57/UNT_010_in_LBR_Watershed.json	ble_12070101_LowerBrazosLittleBrazos
items/ebfe/b57f2bb106c18d31d874262cca45742a/DUNN_CREEK_TRIB_11_5.json	ble_12070101_LowerBrazosLittleBrazos
items/ebfe/b58574245672d408ff7920d29feb9de2/Pattern_Branch.json	ble_12070101_LowerBrazosLittleBrazos
items/ebfe/b5a63dfab8c05aee5d7e126fadc501a3/BURR_OAK_CREEK.json	ble_11140101_Boisd_ArcIsland
items/ebfe/b5b1f7cd75f5672d70de5e72b9c1fe70/UNT038_IN_PNCR.json	ble_11140101_Boisd_ArcIsland
items/ebfe/b5c7079948d3b152dcd01298852e5166/SYCAMORE_CREEK.json	ble_11140101_Boisd_ArcIsland
items/ebfe/b5ea028e767bdb0319f8535f0f0ff935/SOUTH_WNC_TRIB_21.json	ble_12070101_LowerBrazosLittleBrazos
items/ebfe/b61179984d53dfb148f81e0d10d3d1a0/UNT_217_IN_BDAR.json	ble_11140101_Boisd_ArcIsland
items/ebfe/b62ed9c784b3900d6db93d5f648e091f/RAIL_HOLLOW.json	ble_12070101_LowerBrazosLittleBrazos
items/ebfe/b63497931e07d60447b390d2f04b756e/MUD_CREEK_TRIB_10.json	ble_12070101_LowerBrazosLittleBrazos
items/ebfe/b643f08e534d59e38692a963619fb090/UNT_055_in_BCBC_Watershed.json	ble_12070101_LowerBrazosLittleBrazos
items/ebfe/b64ef7960277fd71c989b0f0772e6536/UNT_022_IN_BDAR.json	ble_11140101_Boisd_ArcIsland
items/ebfe/b69b54d0ab14e9086ca0be978dc61a14/BARTON_BR_W_TRIB_4_4.json	ble_12070101_LowerBrazosLittleBrazos
items/ebfe/b6a77c7b3ffaaaf3a4b375800e183364/UNT_84_in_Beason_Cr_Watershed.json	ble_12070101_LowerBrazosLittleBrazos
items/ebfe/b6ab455831af9baf4c563556bf36c613/UNT028_IN_SNCR.json	ble_11140101_Boisd_ArcIsland
items/ebfe/b6b8797513dd6f718737006e89f43684/UNT068_IN_GBRR.json	ble_11140101_Boisd_ArcIsland
items/ebfe/b6c3c1691de01e8dd3fe240cb61e9604/UNT_059_IN_TCRR.json	ble_11140101_Boisd_ArcIsland
items/ebfe/b6c3c2e4cd009d873ff22b707c047634/UNT_003_IN_TCRR.json	ble_11140101_Boisd_ArcIsland
items/ebfe/b6ca32fccbb7c8e9347e784ef0de4c49/UNT_198_in_Old_River_Watershed.json	ble_12070101_LowerBrazosLittleBrazos
items/ebfe/b6ca7d91f6257f2e3b2d778755b19df4/UNT085_IN_GBRR.json	ble_11140101_Boisd_ArcIsland
items/ebfe/b712c882412f290936ed9ec1ddefa64a/UNT_317_in_Deer_Creek_Watershed.json	ble_12070101_LowerBrazosLittleBrazos
items/ebfe/b7153c32904895831495f640084108b3/UNT_250_in_Deer_Creek_Watershed.json	ble_12070101_LowerBrazosLittleBrazos
items/ebfe/b760f0901072628b4550f03a42892825/WHITE_CREEK_TRIBUTARY_8.json	ble_12070101_LowerBrazosLittleBrazos
items/ebfe/b78fca5e843eb5e1302e8fd55ae7caf3/UNT_091_IN_BDAR.json	ble_11140101_Boisd_ArcIsland
items/ebfe/b7971e01c51401c405906d2d95984897/TURKEY_CREEK_TRIBUTARY_C.json	ble_12070101_LowerBrazosLittleBrazos
items/ebfe/b7ae0b39858662dcb6821c45747b2887/UNT_112_in_Old_River_Watershed.json	ble_12070101_LowerBrazosLittleBrazos
items/ebfe/b7e1312e0dceb8a90522fe29fb98fec6/UNT_158_in_Deer_Creek_Watershed.json	ble_12070101_LowerBrazosLittleBrazos
items/ebfe/b7ea666017dae0a09784582d20596063/UNT2779_IN_SNCR.json	ble_11140101_Boisd_ArcIsland
items/ebfe/b7fda050eed0d1b9aaf674db10e1e33d/UNT_104_in_Cedar_Creek_Watershed.json	ble_12070101_LowerBrazosLittleBrazos
items/ebfe/b8299b1531c2c09cb3fd62d4bc19d201/UNT_103_in_Beason_Cr_Watershed.json	ble_12070101_LowerBrazosLittleBrazos
items/ebfe/b8419562e4dfd81e387514eafbf48506/UNT_019_in_PCW.json	ble_12070101_LowerBrazosLittleBrazos
items/ebfe/b845a85cf661fcfc712a406ba9c2a29e/UNT063_IN_SNCR.json	ble_11140101_Boisd_ArcIsland
items/ebfe/b8581eabe9c57901eed9176c1cc5c61d/JORDAN_CREEK.json	ble_12070101_LowerBrazosLittleBrazos
items/ebfe/b87e83128dfddda9e2c7c2c0bf01d859/UNT045_IN_GBRR.json	ble_11140101_Boisd_ArcIsland
items/ebfe/b889dd42d48be74add301a93a04bdec5/UNT_077_in_Deer_Creek_Watershed.json	ble_12070101_LowerBrazosLittleBrazos
items/ebfe/b8947eb3018727720a10b2e720445987/UNT_046_IN_BDAR.json	ble_11140101_Boisd_ArcIsland
items/ebfe/b89c74c2000c205ad8683a3c1c9521f1/Bean_Branch.json	ble_12070101_LowerBrazosLittleBrazos
items/ebfe/b8b11acbaafd2f36bf76d3ab88debdef/UNT_105_IN_TCRR.json	ble_11140101_Boisd_ArcIsland
items/ebfe/b8bb513bd14c88d61a81195851274418/UNT_185_in_Beason_Cr_Watershed.json	ble_12070101_LowerBrazosLittleBrazos
items/ebfe/b8e3741b3c27a4348588e1bb616aea56/UNT_075_in_BCBC_Watershed.json	ble_12070101_LowerBrazosLittleBrazos
items/ebfe/b8f4bedafd520a6e6e000a4cf1c75e1f/UNT_115_in_Beason_Cr_Watershed.json	ble_12070101_LowerBrazosLittleBrazos
items/ebfe/b8f78c51241e8550c19e5046447c8a8c/LITTLE_BRAZOS_RIVER_TRIB_7.json	ble_12070101_LowerBrazosLittleBrazos
items/ebfe/b91c175f4c1e391a643f7be6c84deca9/UNT039_IN_GBRR.json	ble_11140101_Boisd_ArcIsland
items/ebfe/b91c65acc60af407939354db520209ac/UNT_28_in_Beason_Cr_Watershed.json	ble_12070101_LowerBrazosLittleBrazos
items/ebfe/b92b0654eaf451823255bde7a958e897/UNT_046_in_Cedar_Creek_Watershed.json	ble_12070101_LowerBrazosLittleBrazos
items/ebfe/b92e7e38e3e16eee387def853d633069/UNT_121_in_New_Year_Cr_Watershed.json	ble_12070101_LowerBrazosLittleBrazos
items/ebfe/b931fe4b083adcc3ddbba9de9aa3447c/UNT_005_in_New_Year_Cr_Watershed.json	ble_12070101_LowerBrazosLittleBrazos
items/ebfe/b94d50133fa1915ec57e38b53677d8a9/UNT_100_in_Beason_Cr_Watershed.json	ble_12070101_LowerBrazosLittleBrazos
items/ebfe/b953560fa5b66eaf10737622a58aaf22/UNT_056_IN_BDAR.json	ble_11140101_Boisd_ArcIsland
items/ebfe/b95d8096fad6d815f9e49f911775151e/COOPER_CREEK.json	ble_11140101_Boisd_ArcIsland
items/ebfe/b96b9f161cfe1c686c4448aa1ce0dc70/UNT_021_in_BCBC_Watershed.json	ble_12070101_LowerBrazosLittleBrazos
items/ebfe/b96de9b8bea24be266d7cf0d334c20f6/UNT_048_in_New_Year_Cr_Watershed.json	ble_12070101_LowerBrazosLittleBrazos
items/ebfe/b97da5826273549f54b5f4178d10ce21/ALLIGATOR_CREEK.json	ble_12070101_LowerBrazosLittleBrazos
items/ebfe/b99a36fcebf01d7440baa3e4c2e28ac0/UNT061_IN_GBRR.json	ble_11140101_Boisd_ArcIsland
items/ebfe/b9a1df4b251f6f91a6a0945ae81f163f/UNT_082_in_New_Year_Cr_Watershed.json	ble_12070101_LowerBrazosLittleBrazos
items/ebfe/b9b9ce873ce566cdc6a7f3e5fe314384/UNT0113_IN_SCRR.json	ble_11140101_Boisd_ArcIsland
items/ebfe/b9d7548cf3483cf6d770ec3d02fc943b/UNT_046_IN_TCRR.json	ble_11140101_Boisd_ArcIsland
items/ebfe/b9ef55a7a3f9ff3afece80a888164412/UNT_017_in_Deer_Creek_Watershed.json	ble_12070101_LowerBrazosLittleBrazos
items/ebfe/ba06f84ea54ebd6333439eab18c0ccb7/UNT_037_IN_BDAR.json	ble_11140101_Boisd_ArcIsland
items/ebfe/ba0bc4dd4565093746617f391bd772ae/SOUTH_WNC_TRIB_18_2.json	ble_12070101_LowerBrazosLittleBrazos
items/ebfe/ba118cefeef31a9c359f9550c234bfff/UNT_154_in_New_Year_Cr_Watershed.json	ble_12070101_LowerBrazosLittleBrazos
items/ebfe/ba1216a8fceb402e7691a1cec3511892/UNT_107_IN_TCRR.json	ble_11140101_Boisd_ArcIsland
items/ebfe/ba51e78b3a13ab68222ec5f0bc1e7525/TURKEY_CREEK_TRIBUTARY_14.json	ble_12070101_LowerBrazosLittleBrazos
items/ebfe/ba63f1df800ea1ecc6519ff4a5979ace/THOMPSONS_CREEK_TRIBUTARY_8.json	ble_12070101_LowerBrazosLittleBrazos
items/ebfe/ba7076d53b5886876532fa9ec2626851/UNT_025_in_PCW.json	ble_12070101_LowerBrazosLittleBrazos
items/ebfe/ba7b822f5b5a9f803d515a4c1d9acb65/UNT_056_in_New_Year_Cr_Watershed.json	ble_12070101_LowerBrazosLittleBrazos
items/ebfe/ba7fe613d385a234da1708dfdf307eb8/UNT_108_in_Beason_Cr_Watershed.json	ble_12070101_LowerBrazosLittleBrazos
items/ebfe/ba841f3d0f3c17ce9ed56730fd449cbe/BIG_WILLOW_CR_TRIB_20.json	ble_12070101_LowerBrazosLittleBrazos
items/ebfe/ba8eafc0ae9800ca93efebec0de4952a/UNT_300_IN_TCRR.json	ble_11140101_Boisd_ArcIsland
items/ebfe/babb7109717671c967fc4a92ebe01eda/UNT_016_in_New_Year_Cr_Watershed.json	ble_12070101_LowerBrazosLittleBrazos
items/ebfe/bac29164ed7cc4b74cd5b3cf31a71b46/UNT_123_in_Old_River_Watershed.json	ble_12070101_LowerBrazosLittleBrazos
items/ebfe/baf59bd6dd3db36ccf149412083c9625/UNT_174_in_Beason_Cr_Watershed.json	ble_12070101_LowerBrazosLittleBrazos
items/ebfe/baf81ebd58c51a34dc07ab11bd9e2bd8/UNT_120_IN_TCRR.json	ble_11140101_Boisd_ArcIsland
items/ebfe/bb0c565409ea3b4c6caf2a07a19e8a56/UNT_183_IN_BDAR.json	ble_11140101_Boisd_ArcIsland
items/ebfe/bb621ab293eb25d6307e2a75c6a56062/UNT041_IN_PNCR.json	ble_11140101_Boisd_ArcIsland
items/ebfe/bb6b1960e88e2620f7524be7dc97f175/UNT_069_in_BCBC_Watershed.json	ble_12070101_LowerBrazosLittleBrazos
items/ebfe/bb873a7f4919a516f1f8f740b2eadfe8/UNT0105_IN_SCRR.json	ble_11140101_Boisd_ArcIsland
items/ebfe/bbbd741b145a6483b5009dad4ed3b7d7/WNC_TRIB_6.json	ble_12070101_LowerBrazosLittleBrazos
items/ebfe/bbbfda990de0fa62a74dea83ce0c456f/UNT00187_IN_CHCR.json	ble_11140101_Boisd_ArcIsland
items/ebfe/bbf0909a896d62690382d1f805dafbef/UNT_198_in_Deer_Creek_Watershed.json	ble_12070101_LowerBrazosLittleBrazos
items/ebfe/bbf6513923666ebe749ff9cf16fbe458/UNT_376_IN_BDAR.json	ble_11140101_Boisd_ArcIsland
items/ebfe/bc1590391897d5ed5343ca9f1ec4561f/UNT_27_in_Beason_Cr_Watershed.json	ble_12070101_LowerBrazosLittleBrazos
items/ebfe/bc1aa3bbbc5902b7d8fd54f2c1214846/UNT_100_in_PCW.json	ble_12070101_LowerBrazosLittleBrazos
items/ebfe/bc1aabf2cecd47f40aa9089b311285f5/UNT058_IN_GBRR.json	ble_11140101_Boisd_ArcIsland
items/ebfe/bc26d3cd871ef5bcb77a0fa9aba25555/UNT_085_in_Cedar_Creek_Watershed.json	ble_12070101_LowerBrazosLittleBrazos
items/ebfe/bc54eae796d2e2d8642a528c5673e35b/UNT_098_in_BCBC_Watershed.json	ble_12070101_LowerBrazosLittleBrazos
items/ebfe/bc55ef47de6cfe9a6d3a4a8dd9f3756c/UNT_072_IN_BDAR.json	ble_11140101_Boisd_ArcIsland
items/ebfe/bc5d05b635e0b81d76a7bd0f790e60ec/HURRICANE_CR.json	ble_12070101_LowerBrazosLittleBrazos
items/ebfe/bc78b587a94238376a92638d844327ba/UNT_039_in_New_Year_Cr_Watershed.json	ble_12070101_LowerBrazosLittleBrazos
items/ebfe/bcc65dcd54dcd169f45873ef2f6bbbbf/UNT141_IN_CHCR.json	ble_11140101_Boisd_ArcIsland
items/ebfe/bccb5d9855be1b0d81289d4666f9911a/WHITE_CREEK_TRIBUTARY_8_1.json	ble_12070101_LowerBrazosLittleBrazos
items/ebfe/bcd1bb0b123a3155a153c813bad59d85/UNT_93_in_Beason_Cr_Watershed.json	ble_12070101_LowerBrazosLittleBrazos
items/ebfe/bcdf39ddb7c4910fc9acd2df2c74510a/DUCK_POND_BRANCH.json	ble_12070101_LowerBrazosLittleBrazos
items/ebfe/bce03c9533719cffd9a5219c27b14c46/UNT_134_in_New_Year_Cr_Watershed.json	ble_12070101_LowerBrazosLittleBrazos
items/ebfe/bcfa362546d97c1413c5b414d2c2e520/HESLAND_CREEK.json	ble_11140101_Boisd_ArcIsland
items/ebfe/bcff9e1db871e73917a59fcfc9a3438f/UNT_171_in_Beason_Cr_Watershed.json	ble_12070101_LowerBrazosLittleBrazos
items/ebfe/bd0c54e7711d485150f29e543fc07699/TRIBUTARY_TO_WHITE_CREEK_1.json	ble_12070101_LowerBrazosLittleBrazos
items/ebfe/bd286bea62886b8feef81dcf3f0b5fb1/SOUTH_WNC_TRIB_9_1_2.json	ble_12070101_LowerBrazosLittleBrazos
items/ebfe/bd37c0db50ebcc7007c39b5d81d16793/UNT_107_in_WNC_Watershed.json	ble_12070101_LowerBrazosLittleBrazos
items/ebfe/bd4bdbc35307f0508c2621df0e139730/UNT_041_IN_TCRR.json	ble_11140101_Boisd_ArcIsland
items/ebfe/bda3950da3da10590fd86816ae6d2411/UNT_052_IN_BDAR.json	ble_11140101_Boisd_ArcIsland
items/ebfe/bda39c97999145171841983c8ddab65d/UNT_210_in_Beason_Cr_Watershed.json	ble_12070101_LowerBrazosLittleBrazos
items/ebfe/bddd48530a7ba0c7aa50c3677ed28564/PERSIMMON_CREEK_TRIB_5.json	ble_12070101_LowerBrazosLittleBrazos
items/ebfe/be1c0420ae5fa7dd6e33375ad53f6544/UNT008_IN_PNCR.json	ble_11140101_Boisd_ArcIsland
items/ebfe/be52392c474cc3ab0f839d994cce5684/SANDY_CREEK_NORTH_TRIB_3.json	ble_12070101_LowerBrazosLittleBrazos
items/ebfe/be911ad452d5c301a16933f15de496cb/UNT113_IN_ISLB.json	ble_11140101_Boisd_ArcIsland
items/ebfe/be98dcb4db4e250cd8dfb2ba6e6aeb19/ELM_CREEK_TRIB_2.json	ble_12070101_LowerBrazosLittleBrazos
items/ebfe/beb028751c45ced668dd0c349c81addc/UNT0109_IN_SCRR.json	ble_11140101_Boisd_ArcIsland
items/ebfe/bf01cd41bcc8667c257becb3244ffb89/UNT258_IN_SNCR.json	ble_11140101_Boisd_ArcIsland
items/ebfe/bf1733b28f89d7e5498f5eacc2c6d8ad/UNT_060_in_New_Year_Cr_Watershed.json	ble_12070101_LowerBrazosLittleBrazos
items/ebfe/bf2f7dfed52ff283fc0f8ad1f7d098a9/UNT_116_in_New_Year_Cr_Watershed.json	ble_12070101_LowerBrazosLittleBrazos
items/ebfe/bf3649ac65c5537771e910d523ea06ed/UNT_115_IN_BDAR.json	ble_11140101_Boisd_ArcIsland
items/ebfe/bf53a01b71a7d6e85307d9a9d7161086/DEAN_BRANCH.json	ble_12070101_LowerBrazosLittleBrazos
items/ebfe/bf53d907c0c3d2320f0ba9cf89cdc0de/UNT_11_in_Beason_Cr_Watershed.json	ble_12070101_LowerBrazosLittleBrazos
items/ebfe/bf75c406a1be449ce28419fb885df953/RERI.json	ble_no_crs
items/ebfe/bfb0581c20522ce1eb94896a8caec1e8/BIG_CREEK.json	ble_12070101_LowerBrazosLittleBrazos
items/ebfe/bfb75885f0387bda8df294146dc90ba0/UNT_114_in_Cedar_Creek_Watershed.json	ble_12070101_LowerBrazosLittleBrazos
items/ebfe/bfdb3a42b17ffc86c541e57d686a0181/DUNN_CREEK_TRIB_11_3.json	ble_12070101_LowerBrazosLittleBrazos
items/ebfe/c0392144934d3737788685f3469b068a/UNT_117_in_New_Year_Cr_Watershed.json	ble_12070101_LowerBrazosLittleBrazos
items/ebfe/c0655ac927731d2456896774043e9984/UNT007_IN_ISLB.json	ble_11140101_Boisd_ArcIsland
items/ebfe/c071d03e51935b29051df322240ed53f/UNT_016_IN_BDAR.json	ble_11140101_Boisd_ArcIsland
items/ebfe/c07522e77e7425c4b2c8d56591126cd3/Dry_Creek.json	ble_12070101_LowerBrazosLittleBrazos
items/ebfe/c0dabb81a2dfe62c30107c23dd54c541/UNT032_IN_CHCR.json	ble_11140101_Boisd_ArcIsland
items/ebfe/c0ed9dd59458cf4bc8f3f58c48cc2ffd/WILD_HORSE_BRANCH.json	ble_11140101_Boisd_ArcIsland
items/ebfe/c10e50062aea875102365619a1a7980f/HOPES_CREEK.json	ble_12070101_LowerBrazosLittleBrazos
items/ebfe/c113897549f6584cbf3604b835a82fed/UNT_054_in_BCBC_Watershed.json	ble_12070101_LowerBrazosLittleBrazos
items/ebfe/c152e5c52cc433269769b1db6a43ae39/MINTER_BRANCH.json	ble_12070101_LowerBrazosLittleBrazos
items/ebfe/c161859abc3a1295c1acdb196ce15fdb/UNT_035_in_New_Year_Cr_Watershed.json	ble_12070101_LowerBrazosLittleBrazos
items/ebfe/c16486e8c8ff4a5a75e1b1213da76ba0/UNT048_IN_GBRR.json	ble_11140101_Boisd_ArcIsland
items/ebfe/c16e40af9b982a6c99e87c7ac4d3618c/UNT_086_in_New_Year_Cr_Watershed.json	ble_12070101_LowerBrazosLittleBrazos
items/ebfe/c171bad7fd870203bb5b70304611fc0a/UNT050_IN_GBRR.json	ble_11140101_Boisd_ArcIsland
items/ebfe/c1736c765a5305d66f909c1bbc13804a/UNT064_IN_GBRR.json	ble_11140101_Boisd_ArcIsland
items/ebfe/c18a9f43063ea1661d03849aab91c691/UNT_34_in_Beason_Cr_Watershed.json	ble_12070101_LowerBrazosLittleBrazos
items/ebfe/c1cba10a2e84bb52c68a0473c8a351ff/UNT_036_in_New_Year_Cr_Watershed.json	ble_12070101_LowerBrazosLittleBrazos
items/ebfe/c1e4c99a230f54d95583d60f5e6f0e82/UNT003_IN_CHCR.json	ble_11140101_Boisd_ArcIsland
items/ebfe/c1f8c2f88386e6413b74c254eb334389/UNT083_IN_GBRR.json	ble_11140101_Boisd_ArcIsland
items/ebfe/c23ef308fb632da05ecf4ca23609d978/UNT_115_in_Cedar_Creek_Watershed.json	ble_12070101_LowerBrazosLittleBrazos
items/ebfe/c24f2b8276c1cbdcb54e638fb6b0e33a/MCCLUNG_CREEK.json	ble_11140101_Boisd_ArcIsland
items/ebfe/c26a82af4dad423dcdb51a237741c55c/UNT106_IN_CHCR.json	ble_11140101_Boisd_ArcIsland
items/ebfe/c275b3a090f7ae31c32cb2fa2f84cfb0/UNT_075_in_New_Year_Cr_Watershed.json	ble_12070101_LowerBrazosLittleBrazos
items/ebfe/c28bbcf4946ab4cc598348141f2b2a4a/UNT_159_in_Old_River_Watershed.json	ble_12070101_LowerBrazosLittleBrazos
items/ebfe/c2a564e760623d2ff087cee88a7e9006/LITTLE_BRAZOS_RIVER_TRIB_5_3.json	ble_12070101_LowerBrazosLittleBrazos
items/ebfe/c2cb540bf69784c82eb3a63b2375e310/UNT_142_in_Beason_Cr_Watershed.json	ble_12070101_LowerBrazosLittleBrazos
items/ebfe/c34d89683263d08dd3940df96b923fcd/DUNN_CREEK_TRIB_1.json	ble_12070101_LowerBrazosLittleBrazos
items/ebfe/c365531dd763b1a7d1c4f7a3a4b4c44e/UNT_312_in_Deer_Creek_Watershed.json	ble_12070101_LowerBrazosLittleBrazos
items/ebfe/c375806345f9dba9f403060de2ad2ff9/UNT_026_IN_TCRR.json	ble_11140101_Boisd_ArcIsland
items/ebfe/c37786092fc5e43a722733b3ce28cc2e/UNT_148_IN_BDAR.json	ble_11140101_Boisd_ArcIsland
items/ebfe/c3a3d55ca0410cc7aac26da6fb252f63/UNT_123_IN_TCRR.json	ble_11140101_Boisd_ArcIsland
items/ebfe/c3be71c748aefe79d2fda612100f37e3/UNT_020_in_PCW.json	ble_12070101_LowerBrazosLittleBrazos
items/ebfe/c3ef4ad5eaf47c83d5890499eb2435f2/UNT_008_in_PCW.json	ble_12070101_LowerBrazosLittleBrazos
items/ebfe/c3fa75d12db9230aca5dc50bb1db6737/DUNN_CREEK_TRIB_1_1.json	ble_12070101_LowerBrazosLittleBrazos
items/ebfe/c439045944b542070f278786a3ccba50/UNT_094_in_BCBC_Watershed.json	ble_12070101_LowerBrazosLittleBrazos
items/ebfe/c471a87c958c7b082f41b6854f0780bb/ROCKY_CREEK.json	ble_12070101_LowerBrazosLittleBrazos
items/ebfe/c47fd2a7ea03086a58b6d185d7ea25cf/UNT_137_in_New_Year_Cr_Watershed.json	ble_12070101_LowerBrazosLittleBrazos
items/ebfe/c4a18dc831e876becb024a8c10f85baa/RED_BANK_CR.json	ble_12070101_LowerBrazosLittleBrazos
items/ebfe/c4b0aae16782c8b6b3317a3c70c7dac1/UNT_019_IN_BDAR.json	ble_11140101_Boisd_ArcIsland
items/ebfe/c4d6baa3688347e294ef104d93968438/SANDY_CREEK.json	ble_11140101_Boisd_ArcIsland
items/ebfe/c4ef0a6d03c3cea4ed3cc63a21a315a6/SOUTH_WNC_TRIB_5_2_1.json	ble_12070101_LowerBrazosLittleBrazos
items/ebfe/c545bf9aa6d58e981f76ee33f8f75887/LITTLE_PIN_OAK_CREEK_TRIB_11.json	ble_12070101_LowerBrazosLittleBrazos
items/ebfe/c56f161211b0093fc1518122c66818ac/PIN_OAK_CREEK_SOUTH_TRIB_20.json	ble_12070101_LowerBrazosLittleBrazos
items/ebfe/c5886e38600c13b2c9cdc3e22b3f3b6a/UNT_139_in_Beason_Cr_Watershed.json	ble_12070101_LowerBrazosLittleBrazos
items/ebfe/c58b558299c395cfdd52da5de95a5082/WNC_TRIB_16.json	ble_12070101_LowerBrazosLittleBrazos
items/ebfe/c58b6548dc58edf8f64103f7a283f472/UNT_065_IN_TCRR.json	ble_11140101_Boisd_ArcIsland
items/ebfe/c58d2b393827fa20bc889320d1a0c1e7/UNT_110_in_Beason_Cr_Watershed.json	ble_12070101_LowerBrazosLittleBrazos
items/ebfe/c59faf534df5d7310bca5e814115eb17/UNT047_IN_GBRR.json	ble_11140101_Boisd_ArcIsland
items/ebfe/c5b3714a0039e5e2c990df0f1550200b/STREAM_G.json	ble_11140101_Boisd_ArcIsland
items/ebfe/c5c0d9759161d2288c4952de3ac39ea7/PACE_CREEK.json	ble_11140101_Boisd_ArcIsland
items/ebfe/c5dc73701a325be2517ecaeb45a7ad4a/UNT_54_in_Beason_Cr_Watershed.json	ble_12070101_LowerBrazosLittleBrazos
items/ebfe/c5fe9b469f8e06f4df4982a49bf966d2/HAY_BRANCH.json	ble_12070101_LowerBrazosLittleBrazos
items/ebfe/c60bd0d88626c3a5306f2d9b0800c112/UNT0097_IN_SCRR.json	ble_11140101_Boisd_ArcIsland
items/ebfe/c61be012bfedcaa896f4cd2edeabef1b/UNT015_IN_SNCR.json	ble_11140101_Boisd_ArcIsland
items/ebfe/c635f423c311b59e5bb2d199b85656cc/BETHEL_CREEK.json	ble_12070101_LowerBrazosLittleBrazos
items/ebfe/c67711e81fc62a67d749faef83f30cd1/UNT_142_in_New_Year_Cr_Watershed.json	ble_12070101_LowerBrazosLittleBrazos
items/ebfe/c683cf55a0b63d33fa899d4b80c3a4cb/UNT_057_in_LBR_Watershed.json	ble_12070101_LowerBrazosLittleBrazos
items/ebfe/c68deeb55e9417fa559d1d7d742cbb2c/UNT034_IN_CHCR.json	ble_11140101_Boisd_ArcIsland
items/ebfe/c69cde889076ff3c9301b5623e2d663a/UNT022_IN_SNCR.json	ble_11140101_Boisd_ArcIsland
items/ebfe/c6ce0fde448cb9691d188fc32e3cd973/UNT_213_in_Beason_Cr_Watershed.json	ble_12070101_LowerBrazosLittleBrazos
items/ebfe/c6d3d56abaf84bb6ab4d425086db19e2/UNT_017_in_BCBC_Watershed.json	ble_12070101_LowerBrazosLittleBrazos
items/ebfe/c741658598797246a9238c0d5f7c60cb/UNT_036_IN_BDAR.json	ble_11140101_Boisd_ArcIsland
items/ebfe/c7773c06995a21d258d7fb27caad1735/BULLARD_CREEK.json	ble_11140101_Boisd_ArcIsland
items/ebfe/c78f1a660f8b32299cecf82b16dfc5b9/UNT_027_in_BCBC_Watershed.json	ble_12070101_LowerBrazosLittleBrazos
items/ebfe/c793d4dcf7738a64ac0157321551ae2a/Donahoe_Creek.json	ble_12070101_LowerBrazosLittleBrazos
items/ebfe/c7aa1fc2f1b8829d3f085259c182b662/UNT0106_IN_SCRR.json	ble_11140101_Boisd_ArcIsland
items/ebfe/c7acb88b25b934094a0a89bd63ad4700/UNT_127_IN_BDAR.json	ble_11140101_Boisd_ArcIsland
items/ebfe/c7c4b7f07cb666f2b16917db8927a9ae/UNT_8_in_Beason_Cr_Watershed.json	ble_12070101_LowerBrazosLittleBrazos
items/ebfe/c7cbe3feedbd5064b065eeb291f19965/UNT_030_in_Cedar_Creek_Watershed.json	ble_12070101_LowerBrazosLittleBrazos
items/ebfe/c7f6a10ab14f2d51718557997e961cd7/UNT125_IN_CHCR.json	ble_11140101_Boisd_ArcIsland
items/ebfe/c82a88b09c05dddb245db8fa409d0183/UNT_133_in_New_Year_Cr_Watershed.json	ble_12070101_LowerBrazosLittleBrazos
items/ebfe/c8a5f7b0e8c083050c00ec300c3541f0/BECK_CR_TRIB_4.json	ble_12070101_LowerBrazosLittleBrazos
items/ebfe/c8df4f40108ed0db6b208d1d37e0e246/UNT_039_in_LBR_Watershed.json	ble_12070101_LowerBrazosLittleBrazos
items/ebfe/c8e7919bd04c4f3654b75865e43af601/UNT_026_in_PCW.json	ble_12070101_LowerBrazosLittleBrazos
items/ebfe/c8edfbc3f56622587b3ab74e1f7aed2a/CAMPBELLS_CREEK.json	ble_12070101_LowerBrazosLittleBrazos
items/ebfe/c906c5a55ee5e846b3d16811ef65e04a/UNT_074_IN_TCRR.json	ble_11140101_Boisd_ArcIsland
items/ebfe/c922d660216e59a3acb809999c6698b5/UNT_301_IN_TCRR.json	ble_11140101_Boisd_ArcIsland
items/ebfe/c92b654742f97ea85ddc39623d700d60/UNT069_IN_PNCR.json	ble_11140101_Boisd_ArcIsland
items/ebfe/c940d3f9acfbfb80942a1cde126d5462/UNT_203_in_Old_River_Watershed.json	ble_12070101_LowerBrazosLittleBrazos
items/ebfe/c9605c57d4b3714d4acf801b77f6a3c2/UNT_077_IN_TCRR.json	ble_11140101_Boisd_ArcIsland
items/ebfe/c96c4f891ff44cab43f94932d8e8d093/MUD_CREEK_TRIB_18.json	ble_12070101_LowerBrazosLittleBrazos
items/ebfe/c97a5c7f3de1fb8ba0921d3063caf1dc/ELLSWORTH_BRANCH.json	ble_11140101_Boisd_ArcIsland
items/ebfe/c9a40429020c8c94a4d291b618ecebbb/UNT_086_IN_TCRR.json	ble_11140101_Boisd_ArcIsland
items/ebfe/c9a498eeebdc4528608efa6dded7f4ae/LITTLE_ROCKY_CREEK.json	ble_12070101_LowerBrazosLittleBrazos
items/ebfe/c9c2e5a4a69f8e461ad560094214e78e/UNT_100_in_Old_River_Watershed.json	ble_12070101_LowerBrazosLittleBrazos
items/ebfe/ca20571c17695e30766e1a69699b4ddc/UNT_38_in_Beason_Cr_Watershed.json	ble_12070101_LowerBrazosLittleBrazos
items/ebfe/ca3e6607155a1e770342c1f018460d2f/CORNELIASON_CREEK.json	ble_11140101_Boisd_ArcIsland
items/ebfe/ca45e6628f090aad81c18ee5545c54a2/UNT019_IN_CHCR.json	ble_11140101_Boisd_ArcIsland
items/ebfe/ca4ac6a9e700dba1d73bd2fb846da9f0/UNT143_IN_CHCR.json	ble_11140101_Boisd_ArcIsland
items/ebfe/ca6009ee80f26d4e9223f8b6e2c65d4c/RED_BANK_CR_TRIB_1.json	ble_12070101_LowerBrazosLittleBrazos
items/ebfe/ca6056b68295c7d630c562d10b10ad9c/UNT_013_in_Old_River_Watershed.json	ble_12070101_LowerBrazosLittleBrazos
items/ebfe/ca7a427f4ae1af12d12d7b81fcf03882/UNT_036_in_Cedar_Creek_Watershed.json	ble_12070101_LowerBrazosLittleBrazos
items/ebfe/ca80a8430a22e3779717159f960f74bf/THOMPSONS_BRANCH_TRIBUTARY_5.json	ble_12070101_LowerBrazosLittleBrazos
items/ebfe/ca8402d77cd1e090d9adf9150e410c30/LITTLE_ELM_CREEK.json	ble_12070101_LowerBrazosLittleBrazos
items/ebfe/ca8a93eee026635eb080f37366533214/SOUTH_WNC_TRIB_4_2.json	ble_12070101_LowerBrazosLittleBrazos
items/ebfe/caa4503c877c94671e29ea7f3e1c5982/MILL_CR_TRIB_1.json	ble_12070101_LowerBrazosLittleBrazos
items/ebfe/caaf8cfa4febb209ac66840491748ac8/TRIBUTARY_OF_BOIS_DARC_CREEK.json	ble_11140101_Boisd_ArcIsland
items/ebfe/cabfa6ec50be0ca2f719ab31ed0530c5/UNT_096_IN_TCRR.json	ble_11140101_Boisd_ArcIsland
items/ebfe/caf2fa7f5f18d77da3c080ea287e3a4f/LITTLE_PIN_OAK_CREEK_TRIB_12_1.json	ble_12070101_LowerBrazosLittleBrazos
items/ebfe/caf4d8bb029179305ed0d06b131f4c25/UNT042_IN_PNCR.json	ble_11140101_Boisd_ArcIsland
items/ebfe/cb2048026ec53e395118458625ef704a/PERSIMMON_CREEK.json	ble_12070101_LowerBrazosLittleBrazos
items/ebfe/cb207c57c8816165848e2e4ebf6daebb/OLD_RIVER.json	ble_12070101_LowerBrazosLittleBrazos
items/ebfe/cb9c0b05741ed9591fc3daca96ea4e02/UNT_196_in_Old_River_Watershed.json	ble_12070101_LowerBrazosLittleBrazos
items/ebfe/cba08182124fba3afc5c62bd58383d22/Indian_Grave_Creek.json	ble_12070101_LowerBrazosLittleBrazos
items/ebfe/cba52a7a458662cf8a7da0c69bab1742/UNT_64_in_Beason_Cr_Watershed.json	ble_12070101_LowerBrazosLittleBrazos
items/ebfe/cbb90e7472b72c2b0a7e41eaaa56eeba/UNT037_IN_GBRR.json	ble_11140101_Boisd_ArcIsland
items/ebfe/cbd47f0f3b0c0d843bfaea2d7346ba43/UNT_117_in_Old_River_Watershed.json	ble_12070101_LowerBrazosLittleBrazos
items/ebfe/cbea3d333010bbb68fece3ed4f57dd07/BARTON_BR_W_TRIB_11.json	ble_12070101_LowerBrazosLittleBrazos
items/ebfe/cbfc7d67258c998ec6225df8db740ce0/LITTLE_MUD_CREEK_TRIB_5.json	ble_12070101_LowerBrazosLittleBrazos
items/ebfe/cc3af59a0b3db93365bd7d4c3644527e/UNT049_IN_PNCR.json	ble_11140101_Boisd_ArcIsland
items/ebfe/cc4c23548b1da4ccc45795ff891822a7/UNT_57_in_Beason_Cr_Watershed.json	ble_12070101_LowerBrazosLittleBrazos
items/ebfe/cc5fbe083ce5f69c2774ab5cf5ab1ae4/UNT070_IN_PNCR.json	ble_11140101_Boisd_ArcIsland
items/ebfe/cc87979c48d5d68714d28543eea62b04/UNT_99_in_Beason_Cr_Watershed.json	ble_12070101_LowerBrazosLittleBrazos
items/ebfe/cca8a9caf98218581967b2d8e3eda976/UNT_118_in_WNC_Watershed.json	ble_12070101_LowerBrazosLittleBrazos
items/ebfe/cce2136c514c65dae70ff55ab5967dfa/UNT_124_in_Cedar_Creek_Watershed.json	ble_12070101_LowerBrazosLittleBrazos
items/ebfe/cd6147ee4782adaf1058bf32070598dd/UNT069_IN_GBRR.json	ble_11140101_Boisd_ArcIsland
items/ebfe/cd6ae75a6f6c800f42ecf2cc6d3cca42/UNT_052_in_New_Year_Cr_Watershed.json	ble_12070101_LowerBrazosLittleBrazos
items/ebfe/cd775a89fae999859d70d0b69302846c/UNT_166_in_Old_River_Watershed.json	ble_12070101_LowerBrazosLittleBrazos
items/ebfe/cd807039ae00c4bbe7d74c0365083f24/CADDO_CR_TRIB_1.json	ble_12070101_LowerBrazosLittleBrazos
items/ebfe/cda6b54792d1c03626f2d5bbd904d87d/UNT_008_IN_TCRR.json	ble_11140101_Boisd_ArcIsland
items/ebfe/cdb05be2709b22403b37b5b1ea67d416/UNT_069_in_PCW.json	ble_12070101_LowerBrazosLittleBrazos
items/ebfe/cdd75d7d81282825f231943a8df36edf/UNT045_IN_PNCR.json	ble_11140101_Boisd_ArcIsland
items/ebfe/cde701bcd7eba1c1d3f8c908c61d06a9/UNT_049_in_Cedar_Creek_Watershed.json	ble_12070101_LowerBrazosLittleBrazos
items/ebfe/ce18fa0e957e42bc241eb37c3b5361a6/UNT_121_in_Beason_Cr_Watershed.json	ble_12070101_LowerBrazosLittleBrazos
items/ebfe/ce564adc2fd1d8c0ffbf566d8047d618/UNT_032_in_BCBC_Watershed.json	ble_12070101_LowerBrazosLittleBrazos
items/ebfe/ce623b608d451f4172740225c1b1471e/UNT_101_in_BCBC_Watershed.json	ble_12070101_LowerBrazosLittleBrazos
items/ebfe/ce7043f49d4e6e18c5269c4004ab5813/UNT_171_IN_BDAR.json	ble_11140101_Boisd_ArcIsland
items/ebfe/cec883a8e386070e836469829f88894f/CANEY_CREEK.json	ble_11140101_Boisd_ArcIsland
items/ebfe/cee152857486e5b14143b20a64d61896/UNT014_IN_GBRR.json	ble_11140101_Boisd_ArcIsland
items/ebfe/cee77155c0718d0b0ed96d4b19d0d042/PAWPAW_CREEK.json	ble_11140101_Boisd_ArcIsland
items/ebfe/cf0f473d7ba48c67e7c81190d128a7a7/UNT_064_IN_BDAR.json	ble_11140101_Boisd_ArcIsland
items/ebfe/cf5b471a04831c316de9490a6b6233bd/STILL_CREEK_TRIBUTARY_11.json	ble_12070101_LowerBrazosLittleBrazos
items/ebfe/cf5f76a7382af67d2a1a7f64d9880dd9/UNT_137_in_Beason_Cr_Watershed.json	ble_12070101_LowerBrazosLittleBrazos
items/ebfe/cf66e30119e38b698d668c16e04ff4e7/UNT_101_in_Old_River_Watershed.json	ble_12070101_LowerBrazosLittleBrazos
items/ebfe/cf79f5db91222e1ca177e00b88e59f0c/UNT_099_in_Old_River_Watershed.json	ble_12070101_LowerBrazosLittleBrazos
items/ebfe/cf81852f69ba3c5c3f1f0acd157c73d8/UNT063_IN_GBRR.json	ble_11140101_Boisd_ArcIsland
items/ebfe/cf9869e5dffa52cc3cbf94d5eeffd64b/UNT_204_in_Deer_Creek_Watershed.json	ble_12070101_LowerBrazosLittleBrazos
items/ebfe/cfea758a94cf8f83ed2e7661975ddd22/SPRING_CREEK_TRIB_26.json	ble_12070101_LowerBrazosLittleBrazos
items/ebfe/cff8ec980ce45cedecde4b5ec8795f39/UNT_149_in_Old_River_Watershed.json	ble_12070101_LowerBrazosLittleBrazos
items/ebfe/d019bb71ca8cb45cc00ff20dc37e42bf/UNT101_IN_GBRR.json	ble_11140101_Boisd_ArcIsland
items/ebfe/d0354b6c4f662a24004ae2cba67c7d60/UNT_31_in_Beason_Cr_Watershed.json	ble_12070101_LowerBrazosLittleBrazos
items/ebfe/d05d31799ac12c71152412b6633cc2be/UNT_188_in_Old_River_Watershed.json	ble_12070101_LowerBrazosLittleBrazos
items/ebfe/d067c065d7df35925eb99a523d1111e7/UNT_011_IN_BDAR.json	ble_11140101_Boisd_ArcIsland
items/ebfe/d0993c5c80931d53197a64eb35f1f89e/UNT076_IN_PNCR.json	ble_11140101_Boisd_ArcIsland
items/ebfe/d09d0d663ece259a9c3ebdab1354aff0/PIN_OAK_CREEK_SOUTH_TRIB_17_1.json	ble_12070101_LowerBrazosLittleBrazos
items/ebfe/d0a217440fa14070e259b4c9df7cce30/UNT034_IN_ISLB.json	ble_11140101_Boisd_ArcIsland
items/ebfe/d0bfcbd3096d2f414fdecaeefb27e122/UNT_192_in_Old_River_Watershed.json	ble_12070101_LowerBrazosLittleBrazos
items/ebfe/d0f83cc67e46b367e35d717107b2b53d/UNT_118_in_New_Year_Cr_Watershed.json	ble_12070101_LowerBrazosLittleBrazos
items/ebfe/d115eb0fe4d8536f97074ff01f1dbbbb/UNT_042_in_PCW.json	ble_12070101_LowerBrazosLittleBrazos
items/ebfe/d1321d5f8613c4454156fe8c98a727b4/BRAZOS_RIVER_TRIBUTARY_21.json	ble_12070101_LowerBrazosLittleBrazos
items/ebfe/d15cc477b92da9ad5d20697d5d431aaa/UNT_063_in_PCW.json	ble_12070101_LowerBrazosLittleBrazos
items/ebfe/d1742a0e78a6fc3a2ac9688ce983e7c5/UNT043_IN_PNCR.json	ble_11140101_Boisd_ArcIsland
items/ebfe/d198f7725831bef48bf21b0e54d46e8d/UNT_086_in_BCBC_Watershed.json	ble_12070101_LowerBrazosLittleBrazos
items/ebfe/d1afed1d599f34ce48128aecaa574c76/UNT_141_IN_BDAR.json	ble_11140101_Boisd_ArcIsland
items/ebfe/d1b15fb7ec10983b5481d071440faf81/UNT_145_in_New_Year_Cr_Watershed.json	ble_12070101_LowerBrazosLittleBrazos
items/ebfe/d1dac3d6bb378381ae9f15089af531d8/ALLIGATOR_CREEK_TRIBUTARY_4_4_2.json	ble_12070101_LowerBrazosLittleBrazos
items/ebfe/d1e305be18fd6786b16c314b4a1cbb74/UNT_009_in_BCBC_Watershed.json	ble_12070101_LowerBrazosLittleBrazos
items/ebfe/d23a0a32530bbb5ac199f37e08a571c7/SULFUR_RIVER.json	ble_12070101_LowerBrazosLittleBrazos
items/ebfe/d25e2ba523e0636548befe154fef535c/UNT_051_IN_BDAR.json	ble_11140101_Boisd_ArcIsland
items/ebfe/d2b5c8fced39a278505607c2a3599310/LITTLE_BRUSHY_CREEK.json	ble_12070101_LowerBrazosLittleBrazos
items/ebfe/d2b8d4b061de54dc10187a0784d59d91/IRON_ORE_CREEK.json	ble_11140101_Boisd_ArcIsland
items/ebfe/d2f99f76c31d1d1748d2aea2e21559e2/CADDO_CR_TRIB_3.json	ble_12070101_LowerBrazosLittleBrazos
items/ebfe/d31716e63b18474c5d52ac14278fa648/UNT048_IN_CHCR.json	ble_11140101_Boisd_ArcIsland
items/ebfe/d3379544d2470df096eea3f12a20bd3f/UNT_070_in_New_Year_Cr_Watershed.json	ble_12070101_LowerBrazosLittleBrazos
items/ebfe/d351405bde6a19eea2527ae3a5162e0a/UNT011_IN_SNCR.json	ble_11140101_Boisd_ArcIsland
items/ebfe/d375cd4d91e8a62355261dc3253e2aa8/UNT_33_in_Beason_Cr_Watershed.json	ble_12070101_LowerBrazosLittleBrazos
items/ebfe/d3c2e5c843f24d5a277dda2cfe5fae56/ONSTOTT_BRANCH.json	ble_11140101_Boisd_ArcIsland
items/ebfe/d3d72e138889d5ae92343be2f1dceb63/CHAIR_BRANCH_TRIBUTARY_5.json	ble_12070101_LowerBrazosLittleBrazos
items/ebfe/d3e551b809d283eaf12fea026bfd9fd4/UNT_101_IN_TCRR.json	ble_11140101_Boisd_ArcIsland
items/ebfe/d405e03851b51cb6b4edc949ca8c75dc/RED_BANK_CR_TRIB_2.json	ble_12070101_LowerBrazosLittleBrazos
items/ebfe/d4151d1cf9a5108b595dcabbcbdd356f/SOUTH_BRANCH_CHOCTAW_CREEK.json	ble_11140101_Boisd_ArcIsland
items/ebfe/d41b6b00408f50edb0fc733cfc2c05b3/UNT_072_in_Cedar_Creek_Watershed.json	ble_12070101_LowerBrazosLittleBrazos
items/ebfe/d41feadda2fd0a66c6dfa2efb18d5c7c/UNT_41_in_Beason_Cr_Watershed.json	ble_12070101_LowerBrazosLittleBrazos
items/ebfe/d428776dfaed08a270e6f7513aba7474/UNT_100_IN_TCRR.json	ble_11140101_Boisd_ArcIsland
items/ebfe/d46929d54902135bcb11b5d63b23f2a1/UNT01010_IN_SCRR.json	ble_11140101_Boisd_ArcIsland
items/ebfe/d46bdd890608dec955252165b648f3fc/UNT_037_in_BCBC_Watershed.json	ble_12070101_LowerBrazosLittleBrazos
items/ebfe/d494e3570f4a218c01e1c693c64cfa62/UNT_235_in_Deer_Creek_Watershed.json	ble_12070101_LowerBrazosLittleBrazos
items/ebfe/d51a7d215dd82d0ae0714323eae265c1/WALKER_CREEK.json	ble_12070101_LowerBrazosLittleBrazos
items/ebfe/d52e995eeff0a3b9efdf0cd78e355667/UNT_134_in_Old_River_Watershed.json	ble_12070101_LowerBrazosLittleBrazos
items/ebfe/d5394bcdbe9449083d2f6ef732267164/UNT_212_in_Beason_Cr_Watershed.json	ble_12070101_LowerBrazosLittleBrazos
items/ebfe/d56f5ba46f107a6dcfa2b459faa5c60f/UNT_015_in_New_Year_Cr_Watershed.json	ble_12070101_LowerBrazosLittleBrazos
items/ebfe/d5901aa98b08cbe048fa79f4d6a1e135/UNT_186_in_Beason_Cr_Watershed.json	ble_12070101_LowerBrazosLittleBrazos
items/ebfe/d59aced270fa7f711e73c81262706dd6/WALKER_CREEK_TRIB_3.json	ble_12070101_LowerBrazosLittleBrazos
items/ebfe/d5b9a218ed62ea3d9aa6bcde1406e362/UNT_190_IN_BDAR.json	ble_11140101_Boisd_ArcIsland
items/ebfe/d5d252b5edad8de102b8f5aa5f4e1b48/UNT_113_in_Old_River_Watershed.json	ble_12070101_LowerBrazosLittleBrazos
items/ebfe/d5e749e8f7a77860bf67a79b2698d7d8/UNT_197_in_Beason_Cr_Watershed.json	ble_12070101_LowerBrazosLittleBrazos
items/ebfe/d5fcfdd3289928814a7a88bac71816c0/UNT_083_in_BCBC_Watershed.json	ble_12070101_LowerBrazosLittleBrazos
items/ebfe/d609a0aa5af194fbc52afbbfb3c2f993/STILL_CREEK_TRIBUTARY_8.json	ble_12070101_LowerBrazosLittleBrazos
items/ebfe/d613d3cd2f1b4b849ef36d90bf63fda0/UNT111_IN_CHCR.json	ble_11140101_Boisd_ArcIsland
items/ebfe/d623027a34fd85b98434d331b8bb5cda/UNT_110_in_Cedar_Creek_Watershed.json	ble_12070101_LowerBrazosLittleBrazos
items/ebfe/d644cf30502bb6baeb67bb3984af98ff/UNT099_IN_GBRR.json	ble_11140101_Boisd_ArcIsland
items/ebfe/d6638688cd6066261d0cea57a4159530/PIN_OAK_CREEK_SOUTH_TRIB_18_1.json	ble_12070101_LowerBrazosLittleBrazos
items/ebfe/d6d72d9ac1b77560f3fd112118d67bd4/UNT_090_in_Cedar_Creek_Watershed.json	ble_12070101_LowerBrazosLittleBrazos
items/ebfe/d6e4fceb540d30b7e8f7194fe2f5baff/WNC_TRIB_4_1.json	ble_12070101_LowerBrazosLittleBrazos
items/ebfe/d6f2fbe898c38544f5718ec6de6b2f54/UNT100_IN_CHCR.json	ble_11140101_Boisd_ArcIsland
items/ebfe/d722fd73f99a11f498779688e7df68c8/SAND_CREEK.json	ble_11140101_Boisd_ArcIsland
items/ebfe/d728ac9639e095aeb54c466afbac378a/WILLOW_CREEK.json	ble_11140101_Boisd_ArcIsland
items/ebfe/d733830e0d75bad737d9ee99f3624c0e/PINE_CREEK.json	ble_11140101_Boisd_ArcIsland
items/ebfe/d757b6174f58375f9aaacdc2c29c1a41/UNT_068_in_BCBC_Watershed.json	ble_12070101_LowerBrazosLittleBrazos
items/ebfe/d77aa76c5f1ddba5a3e92bb7c1c47122/TURKEY_CREEK_TRIBUTARY_B2.json	ble_12070101_LowerBrazosLittleBrazos
items/ebfe/d7c32ad26ff43a9dc3e0c5521621d8dc/UNT_088_in_BCBC_Watershed.json	ble_12070101_LowerBrazosLittleBrazos
items/ebfe/d7f0b14da26a71e49ab5e90119fd0d83/UNT_114_in_Beason_Cr_Watershed.json	ble_12070101_LowerBrazosLittleBrazos
items/ebfe/d8618fa76c8800180a6e84652a9a122e/UNT060_IN_CHCR.json	ble_11140101_Boisd_ArcIsland
items/ebfe/d8bb5ba6c2a630610c55e9a5ab7a78e8/UNT_125_IN_TCRR.json	ble_11140101_Boisd_ArcIsland
items/ebfe/d8c6986ffb175e9918168fdb4e972715/STREAM_E.json	ble_11140101_Boisd_ArcIsland
items/ebfe/d8d636b4cb17e311c722e3e3f06d93f3/UNT_093_in_New_Year_Cr_Watershed.json	ble_12070101_LowerBrazosLittleBrazos
items/ebfe/d8d8dcf80acd96e488b39e94f391aedd/UNT_133_in_Old_River_Watershed.json	ble_12070101_LowerBrazosLittleBrazos
items/ebfe/d8e60e0f63d22ec0f508a8026007a38f/SOUTH_WNC_TRIB_15.json	ble_12070101_LowerBrazosLittleBrazos
items/ebfe/d906cee6bd02576727b6656945c2d724/UNT_158_IN_BDAR.json	ble_11140101_Boisd_ArcIsland
items/ebfe/d922994c564a91df0232b51683399fd2/UNT095_IN_GBRR.json	ble_11140101_Boisd_ArcIsland
items/ebfe/d93a75cdc1245f362ad19936634d1e99/UNT017_IN_GBRR.json	ble_11140101_Boisd_ArcIsland
items/ebfe/d94b32b13063e2281ddfd16c5c3c0a94/UNT110_IN_CHCR.json	ble_11140101_Boisd_ArcIsland
items/ebfe/d95072f33849e2cf37a280b5134ed1f3/UNT_095_in_BCBC_Watershed.json	ble_12070101_LowerBrazosLittleBrazos
items/ebfe/d991afe651e5ec6d20d41821683a8a80/UNT_058_in_PCW.json	ble_12070101_LowerBrazosLittleBrazos
items/ebfe/d9a58f752279bbafbaab51f4c8a603c8/SPRING_BRANCH.json	ble_12070101_LowerBrazosLittleBrazos
items/ebfe/d9af9534319bcf11fa65ec757c96b886/UNT_134_in_Beason_Cr_Watershed.json	ble_12070101_LowerBrazosLittleBrazos
items/ebfe/d9caece655be3f22d8fc5e15ee9fb9fd/UNT072_IN_CHCR.json	ble_11140101_Boisd_ArcIsland
items/ebfe/d9d149f60bc327120e75b3e466f1ee39/CANEY_CREEK.json	ble_11140101_Boisd_ArcIsland
items/ebfe/d9e1f8a0e8a463bd4ff1523f324d060f/UNT_235_in_Old_River_Watershed.json	ble_12070101_LowerBrazosLittleBrazos
items/ebfe/d9f4b50bb266ee4129c0a284be5898c4/SWEETGUM_BRANCH.json	ble_12070101_LowerBrazosLittleBrazos
items/ebfe/d9f577f62abf63a819bac3ed9022fa5e/UNT018_IN_CHCR.json	ble_11140101_Boisd_ArcIsland
items/ebfe/d9fbf495342c0d34b2608e2f3a4e916f/UNT_046_in_New_Year_Cr_Watershed.json	ble_12070101_LowerBrazosLittleBrazos
items/ebfe/da1219f9016f5daa19148ac6e2747602/UNT_192_IN_BDAR.json	ble_11140101_Boisd_ArcIsland
items/ebfe/da1f94ae8c7b4c78a51164d021404958/LITTLE_MUD_CREEK_TRIB_8.json	ble_12070101_LowerBrazosLittleBrazos
items/ebfe/da7b621e90d47c703b009b44d45542c9/UNT018_IN_GBRR.json	ble_11140101_Boisd_ArcIsland
items/ebfe/da873938d4767537b04d222d9da024f0/THOMPSONS_CREEK.json	ble_12070101_LowerBrazosLittleBrazos
items/ebfe/da920cac2b1c371a1f91379fb5dbfecc/UNT_050_in_Cedar_Creek_Watershed.json	ble_12070101_LowerBrazosLittleBrazos
items/ebfe/da965e2efbb8b9837989408991e52788/UNT_098_IN_BDAR.json	ble_11140101_Boisd_ArcIsland
items/ebfe/dabb850ed48e7d379509f7773c774aa2/UNT_062_in_Deer_Creek_Watershed.json	ble_12070101_LowerBrazosLittleBrazos
items/ebfe/db35eea6fab44d70d79d1730d3ea057e/UNT_031_in_Cedar_Creek_Watershed.json	ble_12070101_LowerBrazosLittleBrazos
items/ebfe/db4ae3c2010934de0361d55251b6bd63/UNT_091_in_BCBC_Watershed.json	ble_12070101_LowerBrazosLittleBrazos
items/ebfe/db6bdd82a6f2e4936f81cab93e114f0e/UNT_030_in_Deer_Creek_Watershed.json	ble_12070101_LowerBrazosLittleBrazos
items/ebfe/dbb6e3f533c4b5b1cf7f70259fcac1fd/UNT_056_in_Deer_Creek_Watershed.json	ble_12070101_LowerBrazosLittleBrazos
items/ebfe/dbea8df8c0fc05f04fbf8763d2a54a4f/Tributary_1_to_Big_Creek.json	ble_12070101_LowerBrazosLittleBrazos
items/ebfe/dbf4e0fa0b248b88adfa910fc6fa77c4/SOUTH_WNC_TRIB_8_1.json	ble_12070101_LowerBrazosLittleBrazos
items/ebfe/dc0312d4a08dbb170620fa085c162402/UNT_014_in_BCBC_Watershed.json	ble_12070101_LowerBrazosLittleBrazos
items/ebfe/dc084659fedb8b618de24f80cf68213c/UNT138_IN_CHCR.json	ble_11140101_Boisd_ArcIsland
items/ebfe/dc4b24cb91c74b36c82da085817a5b94/UNT_091_in_New_Year_Cr_Watershed.json	ble_12070101_LowerBrazosLittleBrazos
items/ebfe/dc77a7e4675c04f9e3ba159490785500/SANDY_CREEK_NORTH_TRIB_1.json	ble_12070101_LowerBrazosLittleBrazos
items/ebfe/dc8cfecf60c16c85f0a91a55fad09d5d/UNT073_IN_CHCR.json	ble_11140101_Boisd_ArcIsland
items/ebfe/dcfba13a03cef2fdc0ed37550654cdb5/UNT_35_in_Beason_Cr_Watershed.json	ble_12070101_LowerBrazosLittleBrazos
items/ebfe/dd1737c3233cf8d4c1a2529b27507093/TANYARD_CREEK.json	ble_11140101_Boisd_ArcIsland
items/ebfe/dd1c730fc6eacb1bfcdffb264b679896/UNT020_IN_CHCR.json	ble_11140101_Boisd_ArcIsland
items/ebfe/dd1d03d6ce4401a7b83928718a03839a/TURKEY_CREEK_TRIBUTARY_B1.json	ble_12070101_LowerBrazosLittleBrazos
items/ebfe/dd21e3bbe93c5da8de9e8f012eae88a8/WNC_TRIB_18.json	ble_12070101_LowerBrazosLittleBrazos
items/ebfe/dd38273a064cb92a5c687b9061b5de83/Brazos_River_Tributary_6.json	ble_12070101_LowerBrazosLittleBrazos
items/ebfe/dd47b811ec482907643ef0b93d3049aa/UNT_138_in_Deer_Creek_Watershed.json	ble_12070101_LowerBrazosLittleBrazos
items/ebfe/ddad471df2d0029cc2d0fe7c28ad03c4/Tributary_to_Hoolia_Creek.json	ble_12070101_LowerBrazosLittleBrazos
items/ebfe/ddad7bb3132510acd895c43f9800595a/UNT_7_in_Beason_Cr_Watershed.json	ble_12070101_LowerBrazosLittleBrazos
items/ebfe/ddbb19448730cbffafb06916a03e64a9/UNT_128_in_Beason_Cr_Watershed.json	ble_12070101_LowerBrazosLittleBrazos
items/ebfe/ddc7cb37fe6fba2f7452e4bb3844cccb/LITTLE_BRAZOS_RIVER_TRIB_34_1_1.json	ble_12070101_LowerBrazosLittleBrazos
items/ebfe/ddcabd3c1152fdf93e7e00c18cfcff31/UNT_188_in_Beason_Cr_Watershed.json	ble_12070101_LowerBrazosLittleBrazos
items/ebfe/ddfb4fe2a7df3b671990476cc99806d7/UNT_151_IN_BDAR.json	ble_11140101_Boisd_ArcIsland
items/ebfe/de0a147051387dc12d32813efe08afb7/UNT083_IN_CHCR.json	ble_11140101_Boisd_ArcIsland
items/ebfe/de2345239d867ebe27ef255742c692d9/LITTLE_PIN_OAK_CREEK_TRIB_11_1.json	ble_12070101_LowerBrazosLittleBrazos
items/ebfe/de265a22ba5107f3f936ae8844bbdb10/WHITE_CREEK_TRIBUTARY_16.json	ble_12070101_LowerBrazosLittleBrazos
items/ebfe/de62ae2491429b41584ffcbfe14d673a/UNT_109_in_Old_River_Watershed.json	ble_12070101_LowerBrazosLittleBrazos
items/ebfe/de7aa52b5e12e2d323419848c749c975/UNT_093_in_Cedar_Creek_Watershed.json	ble_12070101_LowerBrazosLittleBrazos
items/ebfe/de88ffb68e41fc9355b67f093b67f02b/UNT002_IN_SNCR.json	ble_11140101_Boisd_ArcIsland
items/ebfe/df0dad1b38820dd87dc75f03d2fedb61/UNT_073_IN_TCRR.json	ble_11140101_Boisd_ArcIsland
items/ebfe/df455e0df04dedb484d8395a00c3b1d3/UNT026_IN_GBRR.json	ble_11140101_Boisd_ArcIsland
items/ebfe/df505868b8c36782f9529e9e3ad7d268/UNT_084_in_New_Year_Cr_Watershed.json	ble_12070101_LowerBrazosLittleBrazos
items/ebfe/df881e0a23b4955404569c3a6e3b04b2/UNT_118_in_Beason_Cr_Watershed.json	ble_12070101_LowerBrazosLittleBrazos
items/ebfe/df958ae0d64fa99e692d8d69ab569b1d/UNT040_IN_CHCR.json	ble_11140101_Boisd_ArcIsland
items/ebfe/df9fc3d4010a5e36d3f2de5ce4a7721a/UNT_3_in_Beason_Cr_Watershed.json	ble_12070101_LowerBrazosLittleBrazos
items/ebfe/dfb1edc80729176a4efd529c0ca819cc/UNT_184_in_Deer_Creek_Watershed.json	ble_12070101_LowerBrazosLittleBrazos
items/ebfe/dfb5ecb0f32b4e2a964c4831ebe696d0/THOMPSONS_CREEK_TRIBUTARY_5.json	ble_12070101_LowerBrazosLittleBrazos
items/ebfe/dfc1e44a04daf35ed6a3678cec2dac9b/CEDAR_CREEK.json	ble_12070101_LowerBrazosLittleBrazos
items/ebfe/dff372ee96a2c8c2b3112cee13d5b966/UNT_162_in_Beason_Cr_Watershed.json	ble_12070101_LowerBrazosLittleBrazos
items/ebfe/e04f385f8909830b00d714a992dd931f/MUD_CREEK_TRIB_4.json	ble_12070101_LowerBrazosLittleBrazos
items/ebfe/e05b8251d44593776fcf25422399afc4/UNT_184_IN_BDAR.json	ble_11140101_Boisd_ArcIsland
items/ebfe/e0a411710fb5e0ab9156be101f0b334f/UNT015_IN_PNCR.json	ble_11140101_Boisd_ArcIsland
items/ebfe/e0afff312e14e23eff326939a1a065e4/UNT_057_in_Cedar_Creek_Watershed.json	ble_12070101_LowerBrazosLittleBrazos
items/ebfe/e0d9b8862540b260c3e4b47bfaeeaf26/UNT_42_in_Beason_Cr_Watershed.json	ble_12070101_LowerBrazosLittleBrazos
items/ebfe/e1261aba5972dccf3209551a491171e0/UNT_082_in_BCBC_Watershed.json	ble_12070101_LowerBrazosLittleBrazos
items/ebfe/e1709c094332e0a88bde2517f83e9404/UNT_079_in_New_Year_Cr_Watershed.json	ble_12070101_LowerBrazosLittleBrazos
items/ebfe/e1a0a62ae05eef33edb83ab59fa9396c/ELM_CREEK.json	ble_12070101_LowerBrazosLittleBrazos
items/ebfe/e1eb49d75314c9a4bbeba37a93789d75/BIG_SANDY_CREEK.json	ble_12070101_LowerBrazosLittleBrazos
items/ebfe/e1ec5f08b94f14c56d4c8df4f79bb41d/BRUSHY_CREEK.json	ble_11140101_Boisd_ArcIsland
items/ebfe/e21ea9879e38bcdc8cde302fc86df176/UNT_016_in_Deer_Creek_Watershed.json	ble_12070101_LowerBrazosLittleBrazos
items/ebfe/e2351737b3645c5f98f0dc8cf1b5ea69/UNT030_IN_CHCR.json	ble_11140101_Boisd_ArcIsland
items/ebfe/e237d02b66a6da44a52b8cb0eace89ab/UNT_104_IN_TCRR.json	ble_11140101_Boisd_ArcIsland
items/ebfe/e2718062eaa0503818240f0e4b42158a/UNT080_IN_PNCR.json	ble_11140101_Boisd_ArcIsland
items/ebfe/e29aa2e3217ea3f40a94556d7a090d2c/BRUSHY_CREEK.json	ble_11140101_Boisd_ArcIsland
items/ebfe/e2ad4b259b57f39ac833010d97a7b444/Cottonwood_Creek.json	ble_12070101_LowerBrazosLittleBrazos
items/ebfe/e2ae5b47c61809d5580b229c7abe352c/UNT026_IN_SNCR.json	ble_11140101_Boisd_ArcIsland
items/ebfe/e2bdca8cf6936a7ce8bc773ff3d4f996/Cedar_Creek.json	ble_12070101_LowerBrazosLittleBrazos
items/ebfe/e2c05d2d61eb9135aa5b66e76f71fd29/LBR_TRIB_39.json	ble_12070101_LowerBrazosLittleBrazos
items/ebfe/e2f447b9b892d5d342b70ba328711872/UNT5369_IN_SNCR.json	ble_11140101_Boisd_ArcIsland
items/ebfe/e3280fa63180e5e13923b47e1c383f31/SOUTH_WNC_TRIB_9_1.json	ble_12070101_LowerBrazosLittleBrazos
items/ebfe/e32d7d3434154918199db42a871b2a5e/GOURD_BRANCH.json	ble_12070101_LowerBrazosLittleBrazos
items/ebfe/e35f9a26edf6708240c80426d02b6fcc/UNT_92_in_Beason_Cr_Watershed.json	ble_12070101_LowerBrazosLittleBrazos
items/ebfe/e3677c906654376a7649ffa2818153ef/UNT_037_IN_TCRR.json	ble_11140101_Boisd_ArcIsland
items/ebfe/e38004ccc2201270af60b38f1602f92b/UNT_068_in_Cedar_Creek_Watershed.json	ble_12070101_LowerBrazosLittleBrazos
items/ebfe/e381c829f449148eeca7d750b4ee5aa1/UNT_056_in_BCBC_Watershed.json	ble_12070101_LowerBrazosLittleBrazos
items/ebfe/e3945f713c7b7a95713f2d2eaa7d6088/UNT020_IN_SNCR.json	ble_11140101_Boisd_ArcIsland
items/ebfe/e3992a5967d14639cc4a4d9a93703e9a/HOGPEN_CREEK.json	ble_12070101_LowerBrazosLittleBrazos
items/ebfe/e3cf15690ac1ff8154a2dda3c287d051/UNT_214_in_Old_River_Watershed.json	ble_12070101_LowerBrazosLittleBrazos
items/ebfe/e3e40dc2f51eabc4273759208a961f3c/CAMPBELLS_CREEK_TRIB_8.json	ble_12070101_LowerBrazosLittleBrazos
items/ebfe/e42fcd4f4bdba3dc46e39aabee0ba28c/UNT_062_in_Cedar_Creek_Watershed.json	ble_12070101_LowerBrazosLittleBrazos
items/ebfe/e43072bd1219e5c57b62d6511794117f/UNT_104_in_Beason_Cr_Watershed.json	ble_12070101_LowerBrazosLittleBrazos
items/ebfe/e47003e2b1f4661a881f0ec1c1c0ffec/UNT_81_in_Beason_Cr_Watershed.json	ble_12070101_LowerBrazosLittleBrazos
items/ebfe/e498232d80f7b1a23175423bd5163f47/SANDY_CREEK_TRIB_5_1.json	ble_12070101_LowerBrazosLittleBrazos
items/ebfe/e4fbe51e544bc1d951510df6a40c6e23/UNT_146_in_Old_River_Watershed.json	ble_12070101_LowerBrazosLittleBrazos
items/ebfe/e5062bc2025b59167559ed42c6e058c0/BRAZOS_RIVER_TRIBUTARY_19.json	ble_12070101_LowerBrazosLittleBrazos
items/ebfe/e558b796c67a800fdf96f95989bdc7e7/CROOKED_CREEK.json	ble_11140101_Boisd_ArcIsland
items/ebfe/e5a78f633c26178f14cb46cf5e3ab582/UNT095_IN_CHCR.json	ble_11140101_Boisd_ArcIsland
items/ebfe/e5cb71a25e9bd1ec5aba167085880172/UNT_008_in_New_Year_Cr_Watershed.json	ble_12070101_LowerBrazosLittleBrazos
items/ebfe/e618ef789fe812eaca9c390c3b8825c0/UNT_085_IN_BDAR.json	ble_11140101_Boisd_ArcIsland
items/ebfe/e62edf94e790ead4919ae6da65c574d0/UNT_140_in_Old_River_Watershed.json	ble_12070101_LowerBrazosLittleBrazos
items/ebfe/e66ac0dcf6e0ebe0b50f585baee3f330/UNT017_IN_PNCR.json	ble_11140101_Boisd_ArcIsland
items/ebfe/e6868f380ce1255b74a18170514b707e/Donahoe_Creek_Tributary_1.json	ble_12070101_LowerBrazosLittleBrazos
items/ebfe/e68935ce2efc594befaf367c507dbaf4/UNT_223_IN_BDAR.json	ble_11140101_Boisd_ArcIsland
items/ebfe/e6c8736bd46cf84474a5b219f529be9c/UNT_083_in_Cedar_Creek_Watershed.json	ble_12070101_LowerBrazosLittleBrazos
items/ebfe/e6d189bc71d0e080cd404bf5a81171e0/UNT_194_in_Beason_Cr_Watershed.json	ble_12070101_LowerBrazosLittleBrazos
items/ebfe/e6d2aad4469ce5eb36bec72a7e935235/SOUTH_WNC_TRIB_13.json	ble_12070101_LowerBrazosLittleBrazos
items/ebfe/e6eaa080626a31125714fc2cc1d973dc/SPRING_CREEK_TRIB_19.json	ble_12070101_LowerBrazosLittleBrazos
items/ebfe/e729b0ccc716c67f751a044554f4a54a/SPRING_CREEK_TRIB_18.json	ble_12070101_LowerBrazosLittleBrazos
items/ebfe/e739e38cd3ca08dd37709427c8e91d46/UNT_119_IN_BDAR.json	ble_11140101_Boisd_ArcIsland
items/ebfe/e74574ea49eb3fe91bc45271636b593a/UNT_078_IN_TCRR.json	ble_11140101_Boisd_ArcIsland
items/ebfe/e7498dcd5149c6af4522dfd784abb18f/UNT_112_in_Beason_Cr_Watershed.json	ble_12070101_LowerBrazosLittleBrazos
items/ebfe/e759a4f9c4f1b37cfb74ad993843e7a2/UNT354_IN_CHCR.json	ble_11140101_Boisd_ArcIsland
items/ebfe/e78d8e7d6d2c0f3fbf58fd8bb412368f/WNC_TRIB_26.json	ble_12070101_LowerBrazosLittleBrazos
items/ebfe/e79b7bcac6b9476307f5ef71b75e5e7e/ROCK_CREEK.json	ble_11140101_Boisd_ArcIsland
items/ebfe/e7b326a44060e456dda7c88e453edbf3/COTTONWOOD_CREEK_1.json	ble_11140101_Boisd_ArcIsland
items/ebfe/e7f15f95e466b4b2dda416012897cb05/UNT_323_in_Deer_Creek_Watershed.json	ble_12070101_LowerBrazosLittleBrazos
items/ebfe/e807e7081fc72134c1b40c6343d139f3/UNT002_IN_GBRR.json	ble_11140101_Boisd_ArcIsland
items/ebfe/e812385b95146f96525cf162094ef348/UNT_145_in_Beason_Cr_Watershed.json	ble_12070101_LowerBrazosLittleBrazos
items/ebfe/e83a37b4fde3818f170fd669d02b4618/UNT_136_in_Old_River_Watershed.json	ble_12070101_LowerBrazosLittleBrazos
items/ebfe/e84da718c282c7643dc6ac930cf86c01/UNT_013_in_Deer_Creek_Watershed.json	ble_12070101_LowerBrazosLittleBrazos
items/ebfe/e892a53164eba66c92905a6ce209d97c/CALF_CREEK.json	ble_11140101_Boisd_ArcIsland
items/ebfe/e8a210f5edfd4adf579a829e2075d1c6/UNT_210_IN_BDAR.json	ble_11140101_Boisd_ArcIsland
items/ebfe/e8a45e11ab6fa8a07e0cd592edf0cfda/UNT_158_in_New_Year_Cr_Watershed.json	ble_12070101_LowerBrazosLittleBrazos
items/ebfe/e8bcd901db9b3455e26b9ef5ce5adb04/UNT_55_in_Beason_Cr_Watershed.json	ble_12070101_LowerBrazosLittleBrazos
items/ebfe/e8d543d61fe936d8895ec697cad1f029/Rocky_Creek_Tributary.json	ble_12070101_LowerBrazosLittleBrazos
items/ebfe/e8f0e7f2599d5f5c932d3744baf7117e/UNT_045_in_New_Year_Cr_Watershed.json	ble_12070101_LowerBrazosLittleBrazos
items/ebfe/e907a0e90c0cd4711ee2d1c8169e3a5f/UNT_106_in_Cedar_Creek_Watershed.json	ble_12070101_LowerBrazosLittleBrazos
items/ebfe/e90e2d2fe767c5af4ea6fba39e8b821f/SUGGS_BRANCH.json	ble_12070101_LowerBrazosLittleBrazos
items/ebfe/e910937dcb1e933ef0f37e56c9ca34b7/UNT031_IN_PNCR.json	ble_11140101_Boisd_ArcIsland
items/ebfe/e91d46a5cf1dba0a9a18aa38a3d5fff2/SOUTH_WNC.json	ble_12070101_LowerBrazosLittleBrazos
items/ebfe/e927d51bca4b27c9bad20ecfaa10ea5f/SOUTH_FORK_OF_TURKEY_CREEK_1.json	ble_12070101_LowerBrazosLittleBrazos
items/ebfe/e94b62552778d75da603f01b4f7783d9/UNT_066_in_New_Year_Cr_Watershed.json	ble_12070101_LowerBrazosLittleBrazos
items/ebfe/e964616ea28fee5490d0d1da82c78230/UNT_109_in_New_Year_Cr_Watershed.json	ble_12070101_LowerBrazosLittleBrazos
items/ebfe/e9789bac92ad1ccfeb7d7216d23d2f48/UNT_011_in_LBR_Watershed.json	ble_12070101_LowerBrazosLittleBrazos
items/ebfe/e99601719d01f0d3a678eab10d49f080/SASSAFRAS_CREEK.json	ble_11140101_Boisd_ArcIsland
items/ebfe/e9ae4202449a0ed36d2686a3592de1f1/UNT_044_in_LBR_Watershed.json	ble_12070101_LowerBrazosLittleBrazos
items/ebfe/e9c2113068799b869dabbf5884fc2fec/UNT_091_in_Old_River_Watershed.json	ble_12070101_LowerBrazosLittleBrazos
items/ebfe/e9c2a99d2aa9a0d90ddfc33ac841d31a/DRY_BR.json	ble_12070101_LowerBrazosLittleBrazos
items/ebfe/e9d3ce86b3c7dab535fd7f6a41ca6cbe/LITTLE_BRAZOS_RIVER_TRIB_1.json	ble_12070101_LowerBrazosLittleBrazos
items/ebfe/ea1657777e023f5f39945489eb8b24cc/UNT_121_IN_TCRR.json	ble_11140101_Boisd_ArcIsland
items/ebfe/ea37ab76c129fe59e16946c4da4256ce/UNT017_IN_SNCR.json	ble_11140101_Boisd_ArcIsland
items/ebfe/ea3a49f7e9185a8a455ad8a902a08441/UNT069_IN_ISLB.json	ble_11140101_Boisd_ArcIsland
items/ebfe/ea4462e4390b70b222d796cf0aa33caa/UNT_011_in_New_Year_Cr_Watershed.json	ble_12070101_LowerBrazosLittleBrazos
items/ebfe/ea4b7bb37d8c42329afc9d90dcbfa257/PATILLO_BRANCH.json	ble_11140101_Boisd_ArcIsland
items/ebfe/ea6e69610db8fa90dbf074a3bf185ee3/WNC_TRIB_30.json	ble_12070101_LowerBrazosLittleBrazos
items/ebfe/ea9b1d8594b8c0e359111b3e0898f4f1/SANDY_CREEK_TRIB_2.json	ble_12070101_LowerBrazosLittleBrazos
items/ebfe/eac165f20fbaefded59aa8e0d3e0d1a1/UNT_87_in_Beason_Cr_Watershed.json	ble_12070101_LowerBrazosLittleBrazos
items/ebfe/eadd9c167f179d47f6dcbcba1395a969/SAND_CREEK.json	ble_11140101_Boisd_ArcIsland
items/ebfe/eae5fd4424bc4d079bb8dbd083b69726/Little_Brazos_Rv_in_LBR_Wtrshd.json	ble_12070101_LowerBrazosLittleBrazos
items/ebfe/eb10291a9b5981517e98030d4cd8488e/UNT095_IN_PNCR.json	ble_11140101_Boisd_ArcIsland
items/ebfe/eb18b33b8875e751fa2fa7683ab89bf5/UNT_085_IN_TCRR.json	ble_11140101_Boisd_ArcIsland
items/ebfe/eb1c5dae61ca4e70aa6a5ef5a62e0ade/UNT035_IN_CHCR.json	ble_11140101_Boisd_ArcIsland
items/ebfe/eb201f0dbcdf9768f2f421e2068c59d1/UNT072_IN_SNCR.json	ble_11140101_Boisd_ArcIsland
items/ebfe/eb29179a21dbc142ca4d92722f5db520/UNT_127_in_New_Year_Cr_Watershed.json	ble_12070101_LowerBrazosLittleBrazos
items/ebfe/eb33e488309682806a842b5f9d9e996e/UNT097_IN_CHCR.json	ble_11140101_Boisd_ArcIsland
items/ebfe/eb3ecd87f45fb803214003f9ea6641a1/STILLHOUSE_CREEK.json	ble_11140101_Boisd_ArcIsland
items/ebfe/eb56d1eb046bba386468e6468f5c952e/PINE_CREEK_TRIBUTARY_NO_12.json	ble_11140101_Boisd_ArcIsland
items/ebfe/eb76bcd7b8bec25ae76db563702085be/UNT0114_IN_SCRR.json	ble_11140101_Boisd_ArcIsland
items/ebfe/eb8124dd9b044dce8d6a0cc1f7d1dcf7/UNT_151_in_Old_River_Watershed.json	ble_12070101_LowerBrazosLittleBrazos
items/ebfe/ebc4945be61a225425a2bfac355fd718/UNT_14_in_Beason_Cr_Watershed.json	ble_12070101_LowerBrazosLittleBrazos
items/ebfe/ebc5fb1ebe8b6bcb6a24946104c65ec0/UNT106_IN_ISLB.json	ble_11140101_Boisd_ArcIsland
items/ebfe/ec44b0bd25c0828955bc46c5a87305ec/UNT_148_in_New_Year_Cr_Watershed.json	ble_12070101_LowerBrazosLittleBrazos
items/ebfe/ec46d63466f7e2b664653eaa9b729f78/UNT127_IN_CHCR.json	ble_11140101_Boisd_ArcIsland
items/ebfe/ec4a2ef734e7c0e7ecbffa84da7a610d/WATERLOO_CREEK.json	ble_11140101_Boisd_ArcIsland
items/ebfe/ec52b7f8775512c04b8d83fed5046f49/UNT_084_in_Old_River_Watershed.json	ble_12070101_LowerBrazosLittleBrazos
items/ebfe/ec549505ba59b01b9f06daabcc0faf90/HOPES_CREEK_TRIBUTARY_5.json	ble_12070101_LowerBrazosLittleBrazos
items/ebfe/ec6b2578e7158369471166e17a630ca5/UNT120_IN_CHCR.json	ble_11140101_Boisd_ArcIsland
items/ebfe/ec8bebb2b2c2a22a856a8b749ec4ac1b/UNT_109_in_Deer_Creek_Watershed.json	ble_12070101_LowerBrazosLittleBrazos
items/ebfe/ecd3c642c7525943499018661bee0c52/UNT_106_in_New_Year_Cr_Watershed.json	ble_12070101_LowerBrazosLittleBrazos
items/ebfe/ecdf98e7d20d5f323b435dcb14febdaa/UNT_242_in_Old_River_Watershed.json	ble_12070101_LowerBrazosLittleBrazos
items/ebfe/ece528d40d0733b3fceb87af7d7eb80f/UNT_097_IN_TCRR.json	ble_11140101_Boisd_ArcIsland
items/ebfe/ece76329b7f01f00c5486d1618a34269/UNT006_IN_CHCR.json	ble_11140101_Boisd_ArcIsland
items/ebfe/ed08bad0721f09808c981bcba1a6c0a9/UNT_090_in_Old_River_Watershed.json	ble_12070101_LowerBrazosLittleBrazos
items/ebfe/ed1e15af9ce5c12073b364de4ad92f41/UNT_034_IN_TCRR.json	ble_11140101_Boisd_ArcIsland
items/ebfe/ed38ff99108d1733bb265a049ba0f5c5/PERSIMMON_CREEK_TRIB_3.json	ble_12070101_LowerBrazosLittleBrazos
items/ebfe/ed69cbfc7742f288256b153949580839/UNT075_IN_PNCR.json	ble_11140101_Boisd_ArcIsland
items/ebfe/ed9aa1c393428b6ef26e54c9b49fb890/POLECAT_CREEK.json	ble_11140101_Boisd_ArcIsland
items/ebfe/eda71932df2c91ffe1828dab70a1842a/BECK_CR.json	ble_12070101_LowerBrazosLittleBrazos
items/ebfe/edd5b53e063220d5b519b9cd4d3b8697/UNT_117_in_Beason_Cr_Watershed.json	ble_12070101_LowerBrazosLittleBrazos
items/ebfe/edf5a6845a18e6901d7f460cf7ab7bc6/UNT_057_in_BCBC_Watershed.json	ble_12070101_LowerBrazosLittleBrazos
items/ebfe/ee0cd0b3fcf655422dbfa5abd7041182/UNT_003_in_BCBC_Watershed.json	ble_12070101_LowerBrazosLittleBrazos
items/ebfe/ee3a19469a74cbac954ed46238617794/UNT044_IN_GBRR.json	ble_11140101_Boisd_ArcIsland
items/ebfe/ee3dbf021a852e69c7eeaa602d8fa55a/UNT121_IN_CHCR.json	ble_11140101_Boisd_ArcIsland
items/ebfe/ee43ba346a14583ebf2af0a591f07af1/UNT046_IN_GBRR.json	ble_11140101_Boisd_ArcIsland
items/ebfe/ee5b91b4bfc1ab17ed68bd230b3f5bc8/UNT_160_in_Deer_Creek_Watershed.json	ble_12070101_LowerBrazosLittleBrazos
items/ebfe/ee63c0c98dd9d2cf6ee70d9d332bb1d2/UNT048_IN_PNCR.json	ble_11140101_Boisd_ArcIsland
items/ebfe/eeb79f9e0d5658f7110e3e9ddf4dc76f/UNT_072_in_LBR_Watershed.json	ble_12070101_LowerBrazosLittleBrazos
items/ebfe/eec46329625c6540bfc2a95a52a4cedd/WHITE_CREEK_TRIBUTARY_10.json	ble_12070101_LowerBrazosLittleBrazos
items/ebfe/eec64e06a00397b23cfa74f4efce8e9e/UNT062_IN_ISLB.json	ble_11140101_Boisd_ArcIsland
items/ebfe/eeccc80f8b4625455cb76803ce5d5333/UNT_035_in_BCBC_Watershed.json	ble_12070101_LowerBrazosLittleBrazos
items/ebfe/ef0894b0b13d960a3fe3183821a82baa/UNT_046_in_LBR_Watershed.json	ble_12070101_LowerBrazosLittleBrazos
items/ebfe/ef1ae56b28ca018f70c1f0b5016a823f/UNT_017_in_New_Year_Cr_Watershed.json	ble_12070101_LowerBrazosLittleBrazos
items/ebfe/ef52cdf71d8c0555a1961d41e7b7649a/SPRING_CREEK_TRIB_9.json	ble_12070101_LowerBrazosLittleBrazos
items/ebfe/efc725c94f43e08fc253e9d8ccb17c02/WALKER_CREEK_TRIB_7.json	ble_12070101_LowerBrazosLittleBrazos
items/ebfe/efe6a4a5ae18902ab0df74a61928a106/BIG_WILLOW_CR_TRIB_6_3.json	ble_12070101_LowerBrazosLittleBrazos
items/ebfe/f0219c3db89b5cb2b2f4ce4300b10585/SUMMER_BRANCH.json	ble_11140101_Boisd_ArcIsland
items/ebfe/f038fe6d33b4cab0da976753a49ecdae/UNT_164_in_Beason_Cr_Watershed.json	ble_12070101_LowerBrazosLittleBrazos
items/ebfe/f050abf49b813904d503d911ec1fbc61/UNT014_IN_SNCR.json	ble_11140101_Boisd_ArcIsland
items/ebfe/f059c43fc441083f162660c469696a73/UNT_333_in_Deer_Creek_Watershed.json	ble_12070101_LowerBrazosLittleBrazos
items/ebfe/f081077a89a577bd026a69cec016020f/UNT_042_in_LBR_Watershed.json	ble_12070101_LowerBrazosLittleBrazos
items/ebfe/f08769b07eba8847846575da30b85878/UNT_197_IN_BDAR.json	ble_11140101_Boisd_ArcIsland
items/ebfe/f0aa3781521ab7986c5179dbeca26403/UNT0091_IN_SCRR.json	ble_11140101_Boisd_ArcIsland
items/ebfe/f0b2e318e479d7c288fd862613d3eddb/UNT_151_in_Beason_Cr_Watershed.json	ble_12070101_LowerBrazosLittleBrazos
items/ebfe/f0c4701579aa36a3628792ec9ffed3cb/UNT_165_in_New_Year_Cr_Watershed.json	ble_12070101_LowerBrazosLittleBrazos
items/ebfe/f0fbb4b548c5a276777fe4a21d303617/BUCKHORN_CREEK.json	ble_12070101_LowerBrazosLittleBrazos
items/ebfe/f10e8ab0fa8884ab25a65324549b2d2d/UNT_076_IN_BDAR.json	ble_11140101_Boisd_ArcIsland
items/ebfe/f1114afc0c7e5d713ba9966aa8ffe1f5/DAVIS_CREEK.json	ble_12070101_LowerBrazosLittleBrazos
items/ebfe/f113c8f4e17f73dd009ab723c2f0ad66/UNT_373_IN_BDAR.json	ble_11140101_Boisd_ArcIsland
items/ebfe/f121de45f9cfcee4d2989978cb55e17f/LBR_TRIB_39_1_2.json	ble_12070101_LowerBrazosLittleBrazos
items/ebfe/f1330227086305537d3f5efa80366ac9/ALLIGATOR_CREEK_TRIBUTARY_9.json	ble_12070101_LowerBrazosLittleBrazos
items/ebfe/f1338e22446857d6e45b17bbc0b415df/UNT_211_in_Old_River_Watershed.json	ble_12070101_LowerBrazosLittleBrazos
items/ebfe/f144abcaf91dff86e7826aad67d202e6/HOGPEN_BRANCH.json	ble_12070101_LowerBrazosLittleBrazos
items/ebfe/f148237f46e56af9076d9aa4f14b5f50/WILSON_CR_TRIB_4.json	ble_12070101_LowerBrazosLittleBrazos
items/ebfe/f198dc0b01163435c754289e1d7755f9/UNT_141_in_Old_River_Watershed.json	ble_12070101_LowerBrazosLittleBrazos
items/ebfe/f1ce64f8fbcdf0c1326991c6fcbbe500/THOMAS_BRANCH.json	ble_11140101_Boisd_ArcIsland
items/ebfe/f1d0805697d7fcf62ea8fd56cd94231e/TURKEY_CREEK_TRIBUTARY_D.json	ble_12070101_LowerBrazosLittleBrazos
items/ebfe/f1d7e0f10a1ed158f176e40c0c0673b8/UNT_001_in_PCW.json	ble_12070101_LowerBrazosLittleBrazos
items/ebfe/f1eb5422aea0af466e0e35000b18d34f/UNT084_IN_PNCR.json	ble_11140101_Boisd_ArcIsland
items/ebfe/f2139e7a624e862465c08720011de4c4/PIN_OAK_CREEK_SOUTH_TRIB_23.json	ble_12070101_LowerBrazosLittleBrazos
items/ebfe/f220fa08be46a1acad1ef71db80cdd59/LITTLE_PIN_OAK_CREEK_TRIB_6.json	ble_12070101_LowerBrazosLittleBrazos
items/ebfe/f243ec086c513ee7503c5c0e43db4a09/UNT_239_in_Old_River_Watershed.json	ble_12070101_LowerBrazosLittleBrazos
items/ebfe/f2d745506b6976001e9a39a445975cc3/CHAIR_BRANCH_TRIBUTARY_10_1.json	ble_12070101_LowerBrazosLittleBrazos
items/ebfe/f2fc9205ffe2f439dfd7de50ebb04ce0/CAMPBELLS_CREEK_TRIB_16.json	ble_12070101_LowerBrazosLittleBrazos
items/ebfe/f30bb9a74165db53ec0fcf9b0095c11c/UNT_216_in_Beason_Cr_Watershed.json	ble_12070101_LowerBrazosLittleBrazos
items/ebfe/f328be5b77386c6516fe316a0039574d/CHAIR_BRANCH_TRIBUTARY_2_2.json	ble_12070101_LowerBrazosLittleBrazos
items/ebfe/f330720fd4b3270445163c8f1a417f5a/UNT_136_IN_BDAR.json	ble_11140101_Boisd_ArcIsland
items/ebfe/f3311c5bb0e2aee564875b9e6bb24b50/UNT_140_in_New_Year_Cr_Watershed.json	ble_12070101_LowerBrazosLittleBrazos
items/ebfe/f3502dfd90fa205571daff7492d84ec8/DUNN_CREEK_TRIB_11_1.json	ble_12070101_LowerBrazosLittleBrazos
items/ebfe/f399feed129b109e1f75a645ca0e533a/LITTLE_DRY_CREEK.json	ble_11140101_Boisd_ArcIsland
items/ebfe/f3a5c541900237ad2f44f8f82c47a1f9/ROCK_CREEK.json	ble_11140101_Boisd_ArcIsland
items/ebfe/f3aff038dd44eda4bca47177a01e1c41/WEST_OAKLAND_BRANCH.json	ble_11140101_Boisd_ArcIsland
items/ebfe/f3c1d2c8bf14cfd8e669a5ecf4b1ad5a/UNT_038_IN_TCRR.json	ble_11140101_Boisd_ArcIsland
items/ebfe/f3e39fbb01e4bd49650e706451a910cc/UNT003_IN_GBRR.json	ble_11140101_Boisd_ArcIsland
items/ebfe/f400656d514e5c6f9dcd6228b48aa256/UNT_047_in_Cedar_Creek_Watershed.json	ble_12070101_LowerBrazosLittleBrazos
items/ebfe/f4699d0a73f4caf7977e6e1035ccfc20/UNT_085_in_BCBC_Watershed.json	ble_12070101_LowerBrazosLittleBrazos
items/ebfe/f4c793cd69fcd9dca894e9e4dcf3b25e/UNT_051_in_Cedar_Creek_Watershed.json	ble_12070101_LowerBrazosLittleBrazos
items/ebfe/f4e31b0caecccd79c8e5ba79847568cb/UNT037_IN_CHCR.json	ble_11140101_Boisd_ArcIsland
items/ebfe/f4ef2a04c15f23f875adc2fcf0811f08/UNT059_IN_GBRR.json	ble_11140101_Boisd_ArcIsland
items/ebfe/f52ec9d6bbd45ae56befb95f0f599455/UNT_021_in_Old_River_Watershed.json	ble_12070101_LowerBrazosLittleBrazos
items/ebfe/f56ed5186718d79212822e1bfde14472/LBR_TRIB_39_2.json	ble_12070101_LowerBrazosLittleBrazos
items/ebfe/f5bd1972b81d0d20b3060d4a72c3edd0/UNT_015_in_PCW.json	ble_12070101_LowerBrazosLittleBrazos
items/ebfe/f5e2a376c7091aedf9abbd91d86655d0/UNT_018_in_Deer_Creek_Watershed.json	ble_12070101_LowerBrazosLittleBrazos
items/ebfe/f60156fc72982a18bbb3e7e6e4c08d69/UNT_012_in_Old_River_Watershed.json	ble_12070101_LowerBrazosLittleBrazos
items/ebfe/f64d80ea9c9ada2534175f1f7a70bff3/UNT_133_in_Beason_Cr_Watershed.json	ble_12070101_LowerBrazosLittleBrazos
items/ebfe/f64e3b4ce768c1bc15e6e4dafcab0649/BARTON_BR_W.json	ble_12070101_LowerBrazosLittleBrazos
items/ebfe/f655436c06c6b791e098d1c0efe6e122/UNT00448_IN_CHCR.json	ble_11140101_Boisd_ArcIsland
items/ebfe/f66e045cabee5738f4874eaa2e40f911/UNT0200_IN_SCRR.json	ble_11140101_Boisd_ArcIsland
items/ebfe/f67ba374712a3f6c241daf02f86a1fbd/UNT_371_IN_BDAR.json	ble_11140101_Boisd_ArcIsland
items/ebfe/f683eedf58a7060ee27271120822bd03/UNT102_IN_CHCR.json	ble_11140101_Boisd_ArcIsland
items/ebfe/f6c916955f6a4b02851693c620633a54/UNT00279_IN_CHCR.json	ble_11140101_Boisd_ArcIsland
items/ebfe/f6daeee7e64496193a77637921074a04/UNT_080_in_Cedar_Creek_Watershed.json	ble_12070101_LowerBrazosLittleBrazos
items/ebfe/f6ddd4b7ddc0917144c7f7c7c897eced/HOSKINS_BRANCH.json	ble_12070101_LowerBrazosLittleBrazos
items/ebfe/f6e4bc88c00f30af6efd0bdb3a69bfaa/UNT056_IN_SNCR.json	ble_11140101_Boisd_ArcIsland
items/ebfe/f6fa38c954402bbafcd8e212c2774ead/UNT00116_IN_CHCR.json	ble_11140101_Boisd_ArcIsland
items/ebfe/f71ff60d7f3a5cd29dc348236b603b8b/GREENWOOD_CREEK.json	ble_11140101_Boisd_ArcIsland
items/ebfe/f720938c537044b6851c0ebd00ca57ec/WNC_TRIB_1.json	ble_12070101_LowerBrazosLittleBrazos
items/ebfe/f731331976cb7dedc568af2a0a4506ea/UNT_102_IN_TCRR.json	ble_11140101_Boisd_ArcIsland
items/ebfe/f786bdc3d8ceed2bd4b83a5c6439195e/UNT_068_IN_TCRR.json	ble_11140101_Boisd_ArcIsland
items/ebfe/f7a04622937753c720d1a0d3afcb5bd4/UNT_023_in_Deer_Creek_Watershed.json	ble_12070101_LowerBrazosLittleBrazos
items/ebfe/f7a62c8c52fa1c5d79e9b4780e20ef68/UNT061_IN_PNCR.json	ble_11140101_Boisd_ArcIsland
items/ebfe/f7f11f4180caad113a02f1983ba8c827/UNT_043_in_LBR_Watershed.json	ble_12070101_LowerBrazosLittleBrazos
items/ebfe/f7f7a20adedd5bfb6da7f4e382de74a5/UNT_18_in_Beason_Cr_Watershed.json	ble_12070101_LowerBrazosLittleBrazos
items/ebfe/f804c1be844f7dcb346a7e3af40cf9a2/WNC_TRIB_1_1_2.json	ble_12070101_LowerBrazosLittleBrazos
items/ebfe/f80502927e900fc1b533736371d432e7/UNT139_IN_CHCR.json	ble_11140101_Boisd_ArcIsland
items/ebfe/f82e35ad357fbed582bf0b1e567f909b/Tributary_2_to_Big_Creek.json	ble_12070101_LowerBrazosLittleBrazos
items/ebfe/f84116456b7d38967e52b312800a5e17/UNT0119_IN_SCRR.json	ble_11140101_Boisd_ArcIsland
items/ebfe/f84e713e764f52188d97540106d9e1a4/UNT_324_in_Deer_Creek_Watershed.json	ble_12070101_LowerBrazosLittleBrazos
items/ebfe/f88ce995f5735d2b544414c98fa50ee2/UNT598_IN_CHCR.json	ble_11140101_Boisd_ArcIsland
items/ebfe/f8bf0fc313e47fc7ffc60b82eaf8b6f6/UNT061_IN_CHCR.json	ble_11140101_Boisd_ArcIsland
items/ebfe/f8e216ee84a2c5cc91fa757e94394a57/UNT_283_in_Deer_Creek_Watershed.json	ble_12070101_LowerBrazosLittleBrazos
items/ebfe/f9087de893aab218742e8e9b008f1968/UNT006_IN_SNCR.json	ble_11140101_Boisd_ArcIsland
items/ebfe/f927f40138d28c65875336f78adae92c/TURKEY_CREEK_TRIBUTARY_B.json	ble_12070101_LowerBrazosLittleBrazos
items/ebfe/f9650904a3595274fae59970ba3fe695/UNT_136_in_Beason_Cr_Watershed.json	ble_12070101_LowerBrazosLittleBrazos
items/ebfe/f983140d29ceaa8f690bf469c95924b4/LITTLE_PIN_OAK_CREEK.json	ble_12070101_LowerBrazosLittleBrazos
items/ebfe/f99a94e6abbcc71c8274947411a92e3e/UNT_218_IN_BDAR.json	ble_11140101_Boisd_ArcIsland
items/ebfe/f9c0a345e347a3897f3e070d9b7ee211/LINDSEY_CREEK.json	ble_11140101_Boisd_ArcIsland
items/ebfe/f9de4e5bedde218453cb1850f62febdb/UNT0237_IN_SCRR.json	ble_11140101_Boisd_ArcIsland
items/ebfe/f9f8ab36aaf1926dd366bbf184cfa475/JONES_CREEK.json	ble_11140101_Boisd_ArcIsland
items/ebfe/f9f9093422ece609a80015b5f63bbae4/UNT_119_in_Beason_Cr_Watershed.json	ble_12070101_LowerBrazosLittleBrazos
items/ebfe/fa69d36dd92bbf6f567a3f5937a4c951/ISLAND_BAYOU.json	ble_11140101_Boisd_ArcIsland
items/ebfe/faff813a7667f2e990ddc946d4294a9b/UNT072_IN_ISLB.json	ble_11140101_Boisd_ArcIsland
items/ebfe/fb018e4accccf0c2809b2bb4e7901c5a/UNT_144_in_Beason_Cr_Watershed.json	ble_12070101_LowerBrazosLittleBrazos
items/ebfe/fb04aca1399447f8fbd88bc6bb523c9a/UNT_013_IN_BDAR.json	ble_11140101_Boisd_ArcIsland
items/ebfe/fb1c6c1a475ffddc343a2f33054b345c/UNT_156_in_Beason_Cr_Watershed.json	ble_12070101_LowerBrazosLittleBrazos
items/ebfe/fb4417bd1a25205038f82848e36e86b3/UNT_079_in_Deer_Creek_Watershed.json	ble_12070101_LowerBrazosLittleBrazos
items/ebfe/fb446724f38cf223e6b2de6a78cd524c/UNT_070_IN_BDAR.json	ble_11140101_Boisd_ArcIsland
items/ebfe/fb532be4e6ac27af3d8d39b8dc17b84c/UNT_233_in_Deer_Creek_Watershed.json	ble_12070101_LowerBrazosLittleBrazos
items/ebfe/fb901a4ea6e93e1da88607fe7fe3655d/UNT090_IN_PNCR.json	ble_11140101_Boisd_ArcIsland
items/ebfe/fba324b7c46412c9e8704848a8b59199/UNT_058_in_Cedar_Creek_Watershed.json	ble_12070101_LowerBrazosLittleBrazos
items/ebfe/fbad271fe738b31736cb8fa970a0186c/LITTLE_BRAZOS_RIVER_TRIB_23.json	ble_12070101_LowerBrazosLittleBrazos
items/ebfe/fbb1447be2659f076fbc2d946c05314c/UNT_277_in_Deer_Creek_Watershed.json	ble_12070101_LowerBrazosLittleBrazos
items/ebfe/fbb8ced2c2991e00e5d035377114f265/UNT_072_in_PCW.json	ble_12070101_LowerBrazosLittleBrazos
items/ebfe/fbc40361865c413eefbefb42000deaa7/LITTLE_PINE_CREEK.json	ble_11140101_Boisd_ArcIsland
items/ebfe/fbed3a56e6028a2079dac6660e784a2f/UNT0353_IN_CHCR.json	ble_11140101_Boisd_ArcIsland
items/ebfe/fc07e27fdb3b4263b3b149443e428f3a/STILLHOUSE_CREEK_TRIB_NO_23.json	ble_11140101_Boisd_ArcIsland
items/ebfe/fc2d739a3c55e83d9c661138529cc7f3/UNT_023_in_PCW.json	ble_12070101_LowerBrazosLittleBrazos
items/ebfe/fc39d7ce9f663cf08d7b1322967a4ec5/ALLENS_CREEK.json	ble_11140101_Boisd_ArcIsland
items/ebfe/fc670414bc102a44d1584498020aea0d/SOUTH_WNC_TRIB_5.json	ble_12070101_LowerBrazosLittleBrazos
items/ebfe/fc7148bd71065f789e34885a292f854c/UNT_092_in_Old_River_Watershed.json	ble_12070101_LowerBrazosLittleBrazos
items/ebfe/fc886be056fdf0c015b34babdb07a526/SOUTH_WNC_TRIB_8_2.json	ble_12070101_LowerBrazosLittleBrazos
items/ebfe/fca49bd8b682214e74b30a24bb444c3a/UNT004_IN_ISLB.json	ble_11140101_Boisd_ArcIsland
items/ebfe/fcf1168d24d5192c04d14fdc7f7c59b3/UNT013_IN_CHCR.json	ble_11140101_Boisd_ArcIsland
items/ebfe/fcf435af4dc9f9753e8def76667d7e31/Little_Brazos_Rv_Trib_41.json	ble_12070101_LowerBrazosLittleBrazos
items/ebfe/fcfa7bc1f4580064e38da6a06d1171d8/UNT_058_in_New_Year_Cr_Watershed.json	ble_12070101_LowerBrazosLittleBrazos
items/ebfe/fd00b61982b23b5b314256506cb746d1/UNT_121_in_Old_River_Watershed.json	ble_12070101_LowerBrazosLittleBrazos
items/ebfe/fd69a277b01aaccab05c3c057fc7c392/UNT113_IN_CHCR.json	ble_11140101_Boisd_ArcIsland
items/ebfe/fd6a2d443d2f3082dff24a64864e4bcf/STILL_CREEK_TRIBUTARY_5.json	ble_12070101_LowerBrazosLittleBrazos
items/ebfe/fd6d0216ed2b7b8d37cf74c0b6dc3abc/UNT_084_in_Cedar_Creek_Watershed.json	ble_12070101_LowerBrazosLittleBrazos
items/ebfe/fda682d09a04f89a601c5df7f89d9ce7/UNT_064_in_Cedar_Creek_Watershed.json	ble_12070101_LowerBrazosLittleBrazos
items/ebfe/fdd5d44e8236d0100a50549c4bc36ee9/UNT079_IN_PNCR.json	ble_11140101_Boisd_ArcIsland
items/ebfe/fdef904de1ad1d6fe9236b11057cd862/UNT_131_in_Beason_Cr_Watershed.json	ble_12070101_LowerBrazosLittleBrazos
items/ebfe/fdefbe5d8307752aaa81952b7e34ae47/UNT058_IN_PNCR.json	ble_11140101_Boisd_ArcIsland
items/ebfe/fdff58c5aa644e1e0c99c0e86174510b/UNT_006_in_PCW.json	ble_12070101_LowerBrazosLittleBrazos
items/ebfe/fe0ac35dd4af0800acf9a8d4306eabf0/PIN_OAK_CREEK_SOUTH_TRIB_19.json	ble_12070101_LowerBrazosLittleBrazos
items/ebfe/fe43739b50c33bc6edb1dc99d064ff98/UNT002_IN_ISLB.json	ble_11140101_Boisd_ArcIsland
items/ebfe/fe8beb6cf34f96baaed9158087e58331/COTTONWOOD_CREEK.json	ble_11140101_Boisd_ArcIsland
items/ebfe/fe9e42d2a0bf64fb4fdd686882e576c3/NARVAUGH_CREEK.json	ble_11140101_Boisd_ArcIsland
items/ebfe/fec20bdea4e798a72f8e6503ed3e9b1b/UNT_189_in_Old_River_Watershed.json	ble_12070101_LowerBrazosLittleBrazos
items/ebfe/fed32ef327e1bd7cbdcedf6093eab35a/UNT_161_in_Deer_Creek_Watershed.json	ble_12070101_LowerBrazosLittleBrazos
items/ebfe/fef71b47365914a0a75a6570ce9170f8/UNT_029_in_Cedar_Creek_Watershed.json	ble_12070101_LowerBrazosLittleBrazos
items/ebfe/ff12a4fb7eda301b5ad8d0e47d462518/UNT_161_in_Beason_Cr_Watershed.json	ble_12070101_LowerBrazosLittleBrazos
items/ebfe/ff19d12971da8f8d49c251f4354c0df8/ROBERT_SPRINGS_BRANCH.json	ble_11140101_Boisd_ArcIsland
items/ebfe/ff1f10cfbbc121be214047d3f225eddb/PERSIMMON_CREEK_TRIB_2.json	ble_12070101_LowerBrazosLittleBrazos
items/ebfe/ff2a2b6c5eba9d2158c4c80eeeb33c61/UNT_017_in_PCW.json	ble_12070101_LowerBrazosLittleBrazos
items/ebfe/ff30a64ad11b3ab0fba92def44629e08/UNT_036_in_PCW.json	ble_12070101_LowerBrazosLittleBrazos
items/ebfe/ff4211b8efee01f863520d00a7fb2fb6/MUD_CREEK_TRIB_20.json	ble_12070101_LowerBrazosLittleBrazos
items/ebfe/ff6fa4ded1fa58ed2117be96e4852e1d/UNT_080_in_BCBC_Watershed.json	ble_12070101_LowerBrazosLittleBrazos
items/ebfe/ff99a7b0fe9c874682eeab32050def07/UNT_106_IN_BDAR.json	ble_11140101_Boisd_ArcIsland
items/ebfe/ffe6c3a019c2bad887522773baf6ea11/THOMPSONS_CREEK_TRIBUTARY_9.json	ble_12070101_LowerBrazosLittleBrazos
items/ebfe/ffff7bb2de7825474868babf56f0326e/UNT_105_in_Beason_Cr_Watershed.json	ble_12070101_LowerBrazosLittleBrazos
items/mip_30/17-07-0198S_f0bbd7fec32ec8e10a9bc842e4b7d7ce88e87851/RIPPEE CREEK Trib 1.1.stac.json	mip_10290201
items/mip_30/Ohio2018a_22Feb02_RASv600/Ohio2018a.stac.json	ohio_rfc
